[16:01:18] [main/INFO] (FabricLoader/GameProvider) Loading Minecraft 26.2 with Fabric Loader 0.19.3
[16:01:18] [main/INFO] (FabricLoader/Mappings) Mappings not present!
[16:01:18] [main/DEBUG] (FabricLoader/GamePatch) Found game constructor: net.minecraft.client.main.Main -> net.minecraft.client.Minecraft
[16:01:18] [main/DEBUG] (FabricLoader/GamePatch) Patching game constructor <init>(Lnet/minecraft/client/main/GameConfig;)V
[16:01:18] [main/DEBUG] (FabricLoader/GamePatch) Run directory field is thought to be net/minecraft/client/Minecraft/gameDirectory
[16:01:18] [main/DEBUG] (FabricLoader/GamePatch) Applying brand name hook to net/minecraft/client/ClientBrandRetriever::getClientModName
[16:01:18] [main/DEBUG] (FabricLoader/GamePatch) Applying brand name hook to net/minecraft/server/MinecraftServer::getServerModName
[16:01:18] [main/DEBUG] (FabricLoader/GamePatch) Patched 3 classs
[16:01:18] [ForkJoinPool-1-worker-1/WARN] (FabricLoader/Metadata) Mod swagcraft uses the version dev.gembox which isn't compatible with Loader's extended semantic version format (Could not parse version number component 'dev'!), SemVer is recommended for reliably evaluating dependencies and prioritizing newer version
[16:01:18] [main/DEBUG] (FabricLoader/Discovery) Mod discovery time: 32.3 ms
[16:01:18] [main/DEBUG] (FabricLoader/Resolution) Mod resolution time: 61.5 ms
[16:01:18] [main/INFO] (FabricLoader) Loading 50 mods:
	- fabric-api 0.156.0+26.2
	- fabric-api-base 2.0.4+ece063239e
	- fabric-api-lookup-api-v1 2.0.17+11e1c9a39e
	- fabric-biome-api-v1 18.0.6+c7bd5b8e9e
	- fabric-block-api-v1 3.0.3+ec56b6019e
	- fabric-block-getter-api-v2 2.0.7+ec56b6019e
	- fabric-client-gametest-api-v1 6.0.0+515ac5339e
	- fabric-command-api-v2 3.1.0+00cb03469e
	- fabric-content-registries-v0 11.3.0+d0a699d09e
	- fabric-convention-tags-v2 4.7.0+1f023a9e9e
	- fabric-crash-report-info-v1 1.0.5+086d547a9e
	- fabric-creative-tab-api-v1 5.0.14+d871b99e9e
	- fabric-data-attachment-api-v1 2.2.18+515ac5339e
	- fabric-data-generation-api-v1 25.5.0+aed122aa9e
	- fabric-debug-api-v1 1.0.2+c792624d9e
	- fabric-dimensions-v1 5.1.11+515ac5339e
	- fabric-entity-events-v1 5.0.5+06488ac19e
	- fabric-events-interaction-v0 5.2.7+515ac5339e
	- fabric-game-rule-api-v1 4.0.8+46a6d00c9e
	- fabric-gametest-api-v1 4.0.21+4a7fa0819e
	- fabric-item-api-v1 14.4.0+49a69a7b9e
	- fabric-key-mapping-api-v1 2.0.5+e2bdee789e
	- fabric-lifecycle-events-v1 4.1.3+4575b05f9e
	- fabric-loot-api-v3 3.0.17+06488ac19e
	- fabric-menu-api-v1 2.0.16+086d547a9e
	- fabric-message-api-v1 7.0.7+086d547a9e
	- fabric-model-loading-api-v1 8.0.16+c80601bb9e
	- fabric-networking-api-v1 6.3.3+72073ef09e
	- fabric-object-builder-api-v1 24.1.0+6fcd5f039e
	- fabric-particles-v1 5.0.18+d1756aa99e
	- fabric-permission-api-v1 1.0.4+536fad2f9e
	- fabric-recipe-api-v1 9.0.20+11e1c9a39e
	- fabric-registry-sync-v0 7.1.0+c7bd5b8e9e
	- fabric-renderer-api-v1 14.1.3+2b0d8a229e
	- fabric-renderer-indigo 9.1.3+2b0d8a229e
	- fabric-rendering-fluids-v1 6.0.4+06488ac19e
	- fabric-rendering-v1 25.3.2+515ac5339e
	- fabric-resource-conditions-api-v1 6.1.0+10e9a28b9e
	- fabric-resource-loader-v0 3.3.20+4fc5413f9e
	- fabric-resource-loader-v1 2.0.13+9edec1269e
	- fabric-screen-api-v1 5.1.0+48e3c0b09e
	- fabric-serialization-api-v1 2.0.4+11a26f319e
	- fabric-sound-api-v1 2.0.5+11a26f319e
	- fabric-tag-api-v1 2.1.4+515ac5339e
	- fabric-transfer-api-v1 8.0.12+11dbb7d79e
	- fabric-transitive-access-wideners-v1 8.1.4+67c847259e
	- fabricloader 0.19.3
	- java 25
	- minecraft 26.2
	- mixinextras 0.5.4
[16:01:18] [main/DEBUG] (FabricLoader/Knot) Adding /home/bear/.gradle/caches/modules-2/files-2.1/net.fabricmc.fabric-api/fabric-permission-api-v1/1.0.4+536fad2f9e/f2327def7ad7564d2e806ac5b069565330861443/fabric-permission-api-v1-1.0.4+536fad2f9e.jar to classpath.
[16:01:18] [main/DEBUG] (FabricLoader/Knot) Adding /home/bear/.gradle/caches/modules-2/files-2.1/net.fabricmc.fabric-api/fabric-menu-api-v1/2.0.16+086d547a9e/8a0c9ebc8624604d15cc59fedf1ca43c55064696/fabric-menu-api-v1-2.0.16+086d547a9e.jar to classpath.
[16:01:18] [main/DEBUG] (FabricLoader/Knot) Adding /home/bear/.gradle/caches/modules-2/files-2.1/io.github.llamalad7/mixinextras-fabric/0.5.4/5e167154bcb9942111313a5e186e16cd7265f858/mixinextras-fabric-0.5.4.jar to classpath.
[16:01:18] [main/DEBUG] (FabricLoader/Knot) Adding /home/bear/.gradle/caches/modules-2/files-2.1/net.fabricmc.fabric-api/fabric-model-loading-api-v1/8.0.16+c80601bb9e/5d104226e85fffd0336cfcf0a0085eb5af2c3b7b/fabric-model-loading-api-v1-8.0.16+c80601bb9e.jar to classpath.
[16:01:18] [main/DEBUG] (FabricLoader/Knot) Adding /home/bear/.gradle/caches/modules-2/files-2.1/net.fabricmc.fabric-api/fabric-api/0.156.0+26.2/d96e0d9ef8ea3604fac4ca7495d7c6148f3ac816/fabric-api-0.156.0+26.2.jar to classpath.
[16:01:18] [main/DEBUG] (FabricLoader/Knot) Adding /home/bear/.gradle/caches/modules-2/files-2.1/net.fabricmc.fabric-api/fabric-particles-v1/5.0.18+d1756aa99e/e67e831509acd4f7e5578ebed6bbbc7cf0165202/fabric-particles-v1-5.0.18+d1756aa99e.jar to classpath.
[16:01:18] [main/DEBUG] (FabricLoader/Knot) Adding /home/bear/.gradle/caches/modules-2/files-2.1/net.fabricmc.fabric-api/fabric-lifecycle-events-v1/4.1.3+4575b05f9e/a90250858d4e251a823d64d0e0f2877edf456f10/fabric-lifecycle-events-v1-4.1.3+4575b05f9e.jar to classpath.
[16:01:18] [main/DEBUG] (FabricLoader/Knot) Adding /home/bear/.gradle/caches/modules-2/files-2.1/net.fabricmc.fabric-api/fabric-recipe-api-v1/9.0.20+11e1c9a39e/c2540b28f851487fa5247fb3c7eb7fd0d58ee240/fabric-recipe-api-v1-9.0.20+11e1c9a39e.jar to classpath.
[16:01:18] [main/DEBUG] (FabricLoader/Knot) Adding /home/bear/.gradle/caches/modules-2/files-2.1/net.fabricmc.fabric-api/fabric-client-gametest-api-v1/6.0.0+515ac5339e/1ee4ef80c4f73873fa52dc556ae98059c74da37a/fabric-client-gametest-api-v1-6.0.0+515ac5339e.jar to classpath.
[16:01:18] [main/DEBUG] (FabricLoader/Knot) Adding /home/bear/.gradle/caches/modules-2/files-2.1/net.fabricmc.fabric-api/fabric-block-api-v1/3.0.3+ec56b6019e/32d4afa4bbfa703830787de04d55e727816b676b/fabric-block-api-v1-3.0.3+ec56b6019e.jar to classpath.
[16:01:18] [main/DEBUG] (FabricLoader/Knot) Adding /home/bear/.gradle/caches/modules-2/files-2.1/net.fabricmc.fabric-api/fabric-tag-api-v1/2.1.4+515ac5339e/f66a24273cdcc2ce424bf8c69cdc9cf48bdcb328/fabric-tag-api-v1-2.1.4+515ac5339e.jar to classpath.
[16:01:18] [main/DEBUG] (FabricLoader/Knot) Adding /home/bear/.gradle/caches/modules-2/files-2.1/net.fabricmc.fabric-api/fabric-transitive-access-wideners-v1/8.1.4+67c847259e/e1e769f8e123395ab939d5d8da900e6a6ad53ab2/fabric-transitive-access-wideners-v1-8.1.4+67c847259e.jar to classpath.
[16:01:18] [main/DEBUG] (FabricLoader/Knot) Adding /home/bear/.gradle/caches/modules-2/files-2.1/net.fabricmc.fabric-api/fabric-transfer-api-v1/8.0.12+11dbb7d79e/b2bcd304a951ee748602f18b6ffc89fb32c14a14/fabric-transfer-api-v1-8.0.12+11dbb7d79e.jar to classpath.
[16:01:18] [main/DEBUG] (FabricLoader/Knot) Adding /home/bear/.gradle/caches/modules-2/files-2.1/net.fabricmc.fabric-api/fabric-api-base/2.0.4+ece063239e/e766f3698b7bab8b1e13683040f8648fab511ca3/fabric-api-base-2.0.4+ece063239e.jar to classpath.
[16:01:18] [main/DEBUG] (FabricLoader/Knot) Adding /home/bear/.gradle/caches/modules-2/files-2.1/net.fabricmc.fabric-api/fabric-renderer-indigo/9.1.3+2b0d8a229e/b9a15bbfa210ea1753b206c51832ea8381d46fb/fabric-renderer-indigo-9.1.3+2b0d8a229e.jar to classpath.
[16:01:18] [main/DEBUG] (FabricLoader/Knot) Adding /home/bear/.gradle/caches/modules-2/files-2.1/net.fabricmc.fabric-api/fabric-data-attachment-api-v1/2.2.18+515ac5339e/67d246e2dc7c33e7c58e70655180891703bb199/fabric-data-attachment-api-v1-2.2.18+515ac5339e.jar to classpath.
[16:01:18] [main/DEBUG] (FabricLoader/Knot) Adding /home/bear/.gradle/caches/modules-2/files-2.1/net.fabricmc.fabric-api/fabric-debug-api-v1/1.0.2+c792624d9e/9f0581bb985edf22a0d812dbe67178bd2849286/fabric-debug-api-v1-1.0.2+c792624d9e.jar to classpath.
[16:01:18] [main/DEBUG] (FabricLoader/Knot) Adding /home/bear/.gradle/caches/modules-2/files-2.1/net.fabricmc.fabric-api/fabric-registry-sync-v0/7.1.0+c7bd5b8e9e/f2221eb179baa35535c43655ffcba3a5f1bea97f/fabric-registry-sync-v0-7.1.0+c7bd5b8e9e.jar to classpath.
[16:01:18] [main/DEBUG] (FabricLoader/Knot) Adding /home/bear/.gradle/caches/modules-2/files-2.1/net.fabricmc.fabric-api/fabric-object-builder-api-v1/24.1.0+6fcd5f039e/3bf5bd0f8a4a53fdc3ac78bc93b1853c4b520722/fabric-object-builder-api-v1-24.1.0+6fcd5f039e.jar to classpath.
[16:01:18] [main/DEBUG] (FabricLoader/Knot) Adding /home/bear/.gradle/caches/modules-2/files-2.1/net.fabricmc.fabric-api/fabric-dimensions-v1/5.1.11+515ac5339e/b303c9f570e9157a0a29998335785dc3b7f2a8a6/fabric-dimensions-v1-5.1.11+515ac5339e.jar to classpath.
[16:01:18] [main/DEBUG] (FabricLoader/Knot) Adding /home/bear/.gradle/caches/modules-2/files-2.1/net.fabricmc.fabric-api/fabric-events-interaction-v0/5.2.7+515ac5339e/fdb7f47e29a0294100b1fa95d3f54e288ff142b6/fabric-events-interaction-v0-5.2.7+515ac5339e.jar to classpath.
[16:01:18] [main/DEBUG] (FabricLoader/Knot) Adding /home/bear/.gradle/caches/modules-2/files-2.1/net.fabricmc.fabric-api/fabric-resource-loader-v0/3.3.20+4fc5413f9e/c6551ab905383f3c8e046a403a78a25bebabaff0/fabric-resource-loader-v0-3.3.20+4fc5413f9e.jar to classpath.
[16:01:18] [main/DEBUG] (FabricLoader/Knot) Adding /home/bear/.gradle/caches/modules-2/files-2.1/net.fabricmc.fabric-api/fabric-rendering-fluids-v1/6.0.4+06488ac19e/9ded3bc73b5ff3c441075d0c8eca988aacce1f1f/fabric-rendering-fluids-v1-6.0.4+06488ac19e.jar to classpath.
[16:01:18] [main/DEBUG] (FabricLoader/Knot) Adding /home/bear/.gradle/caches/modules-2/files-2.1/net.fabricmc.fabric-api/fabric-gametest-api-v1/4.0.21+4a7fa0819e/e211272a2b116eaed8a2b05170c14af84250ea6b/fabric-gametest-api-v1-4.0.21+4a7fa0819e.jar to classpath.
[16:01:18] [main/DEBUG] (FabricLoader/Knot) Adding /home/bear/.gradle/caches/modules-2/files-2.1/net.fabricmc.fabric-api/fabric-resource-conditions-api-v1/6.1.0+10e9a28b9e/bfe91afa0e7712974b318ed7e274b493b038a596/fabric-resource-conditions-api-v1-6.1.0+10e9a28b9e.jar to classpath.
[16:01:18] [main/DEBUG] (FabricLoader/Knot) Adding /home/bear/.gradle/caches/modules-2/files-2.1/net.fabricmc.fabric-api/fabric-screen-api-v1/5.1.0+48e3c0b09e/48198da19d0972e9f8ac976e18e4f30a742981f9/fabric-screen-api-v1-5.1.0+48e3c0b09e.jar to classpath.
[16:01:18] [main/DEBUG] (FabricLoader/Knot) Adding /home/bear/.gradle/caches/modules-2/files-2.1/net.fabricmc.fabric-api/fabric-rendering-v1/25.3.2+515ac5339e/c60fb9b8b8f321a8fd49a2f84ef4fbc967a02058/fabric-rendering-v1-25.3.2+515ac5339e.jar to classpath.
[16:01:18] [main/DEBUG] (FabricLoader/Knot) Adding /home/bear/.gradle/caches/modules-2/files-2.1/net.fabricmc.fabric-api/fabric-command-api-v2/3.1.0+00cb03469e/b144d197307c39c1bc516c274d9460f0116131a3/fabric-command-api-v2-3.1.0+00cb03469e.jar to classpath.
[16:01:18] [main/DEBUG] (FabricLoader/Knot) Adding /home/bear/.gradle/caches/modules-2/files-2.1/net.fabricmc.fabric-api/fabric-crash-report-info-v1/1.0.5+086d547a9e/119f48a9a648d86c89fe21444176d0032449d95c/fabric-crash-report-info-v1-1.0.5+086d547a9e.jar to classpath.
[16:01:18] [main/DEBUG] (FabricLoader/Knot) Adding /home/bear/.gradle/caches/modules-2/files-2.1/net.fabricmc.fabric-api/fabric-data-generation-api-v1/25.5.0+aed122aa9e/f3565695da2373effe3542dabc63a1d23140f236/fabric-data-generation-api-v1-25.5.0+aed122aa9e.jar to classpath.
[16:01:18] [main/DEBUG] (FabricLoader/Knot) Adding /home/bear/.gradle/caches/modules-2/files-2.1/net.fabricmc.fabric-api/fabric-loot-api-v3/3.0.17+06488ac19e/964f3985687b491093db6b9ff87b35106112b74d/fabric-loot-api-v3-3.0.17+06488ac19e.jar to classpath.
[16:01:18] [main/DEBUG] (FabricLoader/Knot) Adding /home/bear/.gradle/caches/modules-2/files-2.1/net.fabricmc.fabric-api/fabric-game-rule-api-v1/4.0.8+46a6d00c9e/886816530fb79c925eb1bc6c34dd4d9d82e71d49/fabric-game-rule-api-v1-4.0.8+46a6d00c9e.jar to classpath.
[16:01:18] [main/DEBUG] (FabricLoader/Knot) Adding /home/bear/.gradle/caches/modules-2/files-2.1/net.fabricmc.fabric-api/fabric-api-lookup-api-v1/2.0.17+11e1c9a39e/491ba67a029a00c00912050d9ef6875bf78ecaef/fabric-api-lookup-api-v1-2.0.17+11e1c9a39e.jar to classpath.
[16:01:18] [main/DEBUG] (FabricLoader/Knot) Adding /home/bear/.gradle/caches/modules-2/files-2.1/net.fabricmc.fabric-api/fabric-biome-api-v1/18.0.6+c7bd5b8e9e/414c89d2bc8ab64dce1763edc4dbe4619113a5b/fabric-biome-api-v1-18.0.6+c7bd5b8e9e.jar to classpath.
[16:01:18] [main/DEBUG] (FabricLoader/Knot) Adding /home/bear/.gradle/caches/modules-2/files-2.1/net.fabricmc.fabric-api/fabric-convention-tags-v2/4.7.0+1f023a9e9e/7d9023bfcca4a74a72580b70cd84ce547a9e63bb/fabric-convention-tags-v2-4.7.0+1f023a9e9e.jar to classpath.
[16:01:18] [main/DEBUG] (FabricLoader/Knot) Adding /home/bear/.gradle/caches/modules-2/files-2.1/net.fabricmc.fabric-api/fabric-sound-api-v1/2.0.5+11a26f319e/73e4e62924608e1d1581f192607857db096dafe7/fabric-sound-api-v1-2.0.5+11a26f319e.jar to classpath.
[16:01:18] [main/DEBUG] (FabricLoader/Knot) Adding /home/bear/.gradle/caches/modules-2/files-2.1/net.fabricmc.fabric-api/fabric-resource-loader-v1/2.0.13+9edec1269e/db19bb66f069d7ed3dde41eb7e1f9ff3122c15a4/fabric-resource-loader-v1-2.0.13+9edec1269e.jar to classpath.
[16:01:18] [main/DEBUG] (FabricLoader/Knot) Adding /home/bear/.gradle/caches/modules-2/files-2.1/net.fabricmc.fabric-api/fabric-message-api-v1/7.0.7+086d547a9e/b3cd0276ce68d53d51c8c6ff8bb5b327745bbf7d/fabric-message-api-v1-7.0.7+086d547a9e.jar to classpath.
[16:01:18] [main/DEBUG] (FabricLoader/Knot) Adding /home/bear/.gradle/caches/modules-2/files-2.1/net.fabricmc.fabric-api/fabric-entity-events-v1/5.0.5+06488ac19e/5cbecb675b91d0ebfe2ef3f20339e1a2c76c435/fabric-entity-events-v1-5.0.5+06488ac19e.jar to classpath.
[16:01:18] [main/DEBUG] (FabricLoader/Knot) Adding /home/bear/.gradle/caches/modules-2/files-2.1/net.fabricmc.fabric-api/fabric-creative-tab-api-v1/5.0.14+d871b99e9e/6730a71041da25b25aed75b88eb4cb1eb971f4f0/fabric-creative-tab-api-v1-5.0.14+d871b99e9e.jar to classpath.
[16:01:18] [main/DEBUG] (FabricLoader/Knot) Adding /home/bear/.gradle/caches/modules-2/files-2.1/net.fabricmc.fabric-api/fabric-networking-api-v1/6.3.3+72073ef09e/ec9e63e40eca212cb2ff05f72fc0f76a3ef9ba0a/fabric-networking-api-v1-6.3.3+72073ef09e.jar to classpath.
[16:01:18] [main/DEBUG] (FabricLoader/Knot) Adding /home/bear/.gradle/caches/modules-2/files-2.1/net.fabricmc.fabric-api/fabric-renderer-api-v1/14.1.3+2b0d8a229e/d626deb09fea4d62987f739c21677b27331a2e00/fabric-renderer-api-v1-14.1.3+2b0d8a229e.jar to classpath.
[16:01:18] [main/DEBUG] (FabricLoader/Knot) Adding /home/bear/.gradle/caches/modules-2/files-2.1/net.fabricmc.fabric-api/fabric-item-api-v1/14.4.0+49a69a7b9e/fef3ee32f02d0dfe435fb408b2f5d16bfe05bf94/fabric-item-api-v1-14.4.0+49a69a7b9e.jar to classpath.
[16:01:18] [main/DEBUG] (FabricLoader/Knot) Adding /home/bear/.gradle/caches/modules-2/files-2.1/net.fabricmc.fabric-api/fabric-block-getter-api-v2/2.0.7+ec56b6019e/8204045ca262749761be09b144618e6c4133ebe1/fabric-block-getter-api-v2-2.0.7+ec56b6019e.jar to classpath.
[16:01:18] [main/DEBUG] (FabricLoader/Knot) Adding /home/bear/.gradle/caches/modules-2/files-2.1/net.fabricmc.fabric-api/fabric-content-registries-v0/11.3.0+d0a699d09e/9b8f6dfaf4d3c601152942a7f3946114d41c2b71/fabric-content-registries-v0-11.3.0+d0a699d09e.jar to classpath.
[16:01:18] [main/DEBUG] (FabricLoader/Knot) Adding /home/bear/.gradle/caches/modules-2/files-2.1/net.fabricmc.fabric-api/fabric-serialization-api-v1/2.0.4+11a26f319e/ebf77996be79909f639a7352689d851385a9cd2b/fabric-serialization-api-v1-2.0.4+11a26f319e.jar to classpath.
[16:01:18] [main/DEBUG] (FabricLoader/Knot) Adding /home/bear/.gradle/caches/modules-2/files-2.1/net.fabricmc.fabric-api/fabric-key-mapping-api-v1/2.0.5+e2bdee789e/c86dc688a7e9caa7edca9973dc6abfe37c652135/fabric-key-mapping-api-v1-2.0.5+e2bdee789e.jar to classpath.
[16:01:18] [main/DEBUG] (FabricLoader/Entrypoint) Registering new-style initializer net.fabricmc.fabric.impl.menu.client.ClientNetworking for mod fabric-menu-api-v1 (key client)
[16:01:18] [main/DEBUG] (FabricLoader/Entrypoint) Registering new-style initializer net.fabricmc.fabric.impl.menu.Networking for mod fabric-menu-api-v1 (key main)
[16:01:18] [main/DEBUG] (FabricLoader/Entrypoint) Registering new-style initializer net.fabricmc.fabric.impl.client.model.loading.CustomUnbakedBlockStateModelInit for mod fabric-model-loading-api-v1 (key client)
[16:01:18] [main/DEBUG] (FabricLoader/Entrypoint) Registering new-style initializer net.fabricmc.fabric.impl.client.particle.ExtendedBlockParticleOptionSyncClient for mod fabric-particles-v1 (key client)
[16:01:18] [main/DEBUG] (FabricLoader/Entrypoint) Registering new-style initializer net.fabricmc.fabric.impl.particle.ExtendedBlockParticleOptionSync for mod fabric-particles-v1 (key main)
[16:01:18] [main/DEBUG] (FabricLoader/Entrypoint) Registering new-style initializer net.fabricmc.fabric.impl.client.event.lifecycle.ClientLifecycleEventsImpl for mod fabric-lifecycle-events-v1 (key client)
[16:01:18] [main/DEBUG] (FabricLoader/Entrypoint) Registering new-style initializer net.fabricmc.fabric.impl.event.lifecycle.LifecycleEventsImpl for mod fabric-lifecycle-events-v1 (key main)
[16:01:18] [main/DEBUG] (FabricLoader/Entrypoint) Registering new-style initializer net.fabricmc.fabric.impl.recipe.ingredient.client.CustomIngredientSyncClient for mod fabric-recipe-api-v1 (key client)
[16:01:18] [main/DEBUG] (FabricLoader/Entrypoint) Registering new-style initializer net.fabricmc.fabric.impl.recipe.sync.client.RecipeSyncImplClient for mod fabric-recipe-api-v1 (key client)
[16:01:18] [main/DEBUG] (FabricLoader/Entrypoint) Registering new-style initializer net.fabricmc.fabric.impl.recipe.ingredient.CustomIngredientInit for mod fabric-recipe-api-v1 (key main)
[16:01:18] [main/DEBUG] (FabricLoader/Entrypoint) Registering new-style initializer net.fabricmc.fabric.impl.recipe.ingredient.CustomIngredientSync for mod fabric-recipe-api-v1 (key main)
[16:01:18] [main/DEBUG] (FabricLoader/Entrypoint) Registering new-style initializer net.fabricmc.fabric.impl.recipe.sync.RecipeSyncImpl for mod fabric-recipe-api-v1 (key main)
[16:01:18] [main/DEBUG] (FabricLoader/Entrypoint) Registering new-style initializer net.fabricmc.fabric.impl.client.gametest.FabricClientGameTestImpl for mod fabric-client-gametest-api-v1 (key client)
[16:01:18] [main/DEBUG] (FabricLoader/Entrypoint) Registering new-style initializer net.fabricmc.fabric.impl.tag.TagInit for mod fabric-tag-api-v1 (key main)
[16:01:18] [main/DEBUG] (FabricLoader/Entrypoint) Registering new-style initializer net.fabricmc.fabric.impl.client.indigo.Indigo for mod fabric-renderer-indigo (key client)
[16:01:18] [main/DEBUG] (FabricLoader/Entrypoint) Registering new-style initializer net.fabricmc.fabric.impl.attachment.client.AttachmentSyncClient for mod fabric-data-attachment-api-v1 (key client)
[16:01:18] [main/DEBUG] (FabricLoader/Entrypoint) Registering new-style initializer net.fabricmc.fabric.impl.attachment.AttachmentEntrypoint for mod fabric-data-attachment-api-v1 (key main)
[16:01:18] [main/DEBUG] (FabricLoader/Entrypoint) Registering new-style initializer net.fabricmc.fabric.impl.attachment.sync.AttachmentSync for mod fabric-data-attachment-api-v1 (key main)
[16:01:18] [main/DEBUG] (FabricLoader/Entrypoint) Registering new-style initializer net.fabricmc.fabric.impl.client.registry.sync.FabricRegistryClientInit for mod fabric-registry-sync-v0 (key client)
[16:01:18] [main/DEBUG] (FabricLoader/Entrypoint) Registering new-style initializer net.fabricmc.fabric.impl.registry.sync.FabricRegistryInit for mod fabric-registry-sync-v0 (key main)
[16:01:18] [main/DEBUG] (FabricLoader/Entrypoint) Registering new-style initializer net.fabricmc.fabric.impl.dimension.DimensionModificationImpl for mod fabric-dimensions-v1 (key main)
[16:01:18] [main/DEBUG] (FabricLoader/Entrypoint) Registering new-style initializer net.fabricmc.fabric.impl.event.interaction.InteractionEventsRouter for mod fabric-events-interaction-v0 (key main)
[16:01:18] [main/DEBUG] (FabricLoader/Entrypoint) Registering new-style initializer net.fabricmc.fabric.impl.gametest.FabricGameTestModInitializer for mod fabric-gametest-api-v1 (key main)
[16:01:18] [main/DEBUG] (FabricLoader/Entrypoint) Registering new-style initializer net.fabricmc.fabric.impl.resource.conditions.ResourceConditionsImpl for mod fabric-resource-conditions-api-v1 (key main)
[16:01:18] [main/DEBUG] (FabricLoader/Entrypoint) Registering new-style initializer net.fabricmc.fabric.impl.client.rendering.hud.HudStatusBarHeightRegistryImpl for mod fabric-rendering-v1 (key client)
[16:01:18] [main/DEBUG] (FabricLoader/Entrypoint) Registering new-style initializer net.fabricmc.fabric.impl.lookup.ApiLookupImpl for mod fabric-api-lookup-api-v1 (key main)
[16:01:18] [main/DEBUG] (FabricLoader/Entrypoint) Registering new-style initializer net.fabricmc.fabric.impl.tag.convention.v2.TranslationConventionLogWarnings for mod fabric-convention-tags-v2 (key main)
[16:01:18] [main/DEBUG] (FabricLoader/Entrypoint) Registering new-style initializer net.fabricmc.fabric.impl.networking.client.ClientNetworkingImpl::clientInit for mod fabric-networking-api-v1 (key client)
[16:01:18] [main/DEBUG] (FabricLoader/Entrypoint) Registering new-style initializer net.fabricmc.fabric.impl.networking.CommonPacketsImpl::init for mod fabric-networking-api-v1 (key main)
[16:01:18] [main/DEBUG] (FabricLoader/Entrypoint) Registering new-style initializer net.fabricmc.fabric.impl.networking.NetworkingImpl::init for mod fabric-networking-api-v1 (key main)
[16:01:18] [main/DEBUG] (FabricLoader/Entrypoint) Registering new-style initializer net.fabricmc.fabric.impl.client.renderer.DebugOverlayClient for mod fabric-renderer-api-v1 (key client)
[16:01:18] [main/INFO] (FabricLoader/Mixin) SpongePowered MIXIN Subsystem Version=0.8.7 Source=file:/home/bear/.gradle/caches/modules-2/files-2.1/net.fabricmc/sponge-mixin/0.17.3+mixin.0.8.7/41c4a3984a80f4679e759fb9f495587acc5cdac7/sponge-mixin-0.17.3+mixin.0.8.7.jar Service=Knot/Fabric Env=CLIENT
[16:01:18] [main/DEBUG] (FabricLoader/Mixin) Initialising Mixin Platform Manager
[16:01:18] [main/DEBUG] (FabricLoader/Mixin) Adding mixin platform agents for container ContainerHandleURI(file:///home/bear/.gradle/caches/modules-2/files-2.1/net.fabricmc/fabric-loader/0.19.3/354dfaa02d0552e11867f85dff7cdbfaf813ba3e/fabric-loader-0.19.3.jar)
[16:01:18] [main/DEBUG] (FabricLoader/Mixin) Instancing new MixinPlatformAgentDefault for ContainerHandleURI(file:///home/bear/.gradle/caches/modules-2/files-2.1/net.fabricmc/fabric-loader/0.19.3/354dfaa02d0552e11867f85dff7cdbfaf813ba3e/fabric-loader-0.19.3.jar)
[16:01:18] [main/DEBUG] (FabricLoader/Mixin) MixinPlatformAgentDefault accepted container ContainerHandleURI(file:///home/bear/.gradle/caches/modules-2/files-2.1/net.fabricmc/fabric-loader/0.19.3/354dfaa02d0552e11867f85dff7cdbfaf813ba3e/fabric-loader-0.19.3.jar)
[16:01:18] [main/DEBUG] (FabricLoader/Mixin) Instancing new MixinPlatformAgentDefault for ContainerHandleURI(file:///home/bear/.gradle/caches/modules-2/files-2.1/net.fabricmc/fabric-loader/0.19.3/354dfaa02d0552e11867f85dff7cdbfaf813ba3e/fabric-loader-0.19.3.jar)
[16:01:18] [main/DEBUG] (FabricLoader/Mixin) MixinPlatformAgentDefault accepted container ContainerHandleURI(file:///home/bear/.gradle/caches/modules-2/files-2.1/net.fabricmc/fabric-loader/0.19.3/354dfaa02d0552e11867f85dff7cdbfaf813ba3e/fabric-loader-0.19.3.jar)
[16:01:18] [main/DEBUG] (FabricLoader/Mixin) Processing prepare() for PlatformAgent[MixinPlatformAgentDefault:ContainerHandleURI(file:///home/bear/.gradle/caches/modules-2/files-2.1/net.fabricmc/fabric-loader/0.19.3/354dfaa02d0552e11867f85dff7cdbfaf813ba3e/fabric-loader-0.19.3.jar)]
[16:01:18] [main/DEBUG] (FabricLoader/Mixin) Processing prepare() for PlatformAgent[MixinPlatformAgentDefault:ContainerHandleURI(file:///home/bear/.gradle/caches/modules-2/files-2.1/net.fabricmc/fabric-loader/0.19.3/354dfaa02d0552e11867f85dff7cdbfaf813ba3e/fabric-loader-0.19.3.jar)]
[16:01:18] [main/DEBUG] (FabricLoader/Mixin) Compatibility level JAVA_25 specified by fabric-permission-api-v1.mixins.json is higher than the maximum level supported by this version of mixin (JAVA_13).
[16:01:18] [main/INFO] (FabricLoader/Mixin) Compatibility level set to JAVA_25
[16:01:18] [main/DEBUG] (FabricLoader/Mixin) Mixin config fabric-permission-api-v1.mixins.json does not specify "minVersion" or "requiredFeatures" property
[16:01:18] [main/DEBUG] (FabricLoader/Mixin) Mixin config fabric-menu-api-v1.mixins.json does not specify "minVersion" or "requiredFeatures" property
[16:01:18] [main/DEBUG] (FabricLoader/Mixin) Mixin config fabric-model-loading-api-v1.mixins.json does not specify "minVersion" or "requiredFeatures" property
[16:01:18] [main/DEBUG] (FabricLoader/Mixin) Mixin config fabric-particles-v1.mixins.json does not specify "minVersion" or "requiredFeatures" property
[16:01:18] [main/DEBUG] (FabricLoader/Mixin) Mixin config fabric-particles-v1.client.mixins.json does not specify "minVersion" or "requiredFeatures" property
[16:01:18] [main/DEBUG] (FabricLoader/Mixin) Mixin config fabric-lifecycle-events-v1.mixins.json does not specify "minVersion" or "requiredFeatures" property
[16:01:18] [main/DEBUG] (FabricLoader/Mixin) Mixin config fabric-lifecycle-events-v1.client.mixins.json does not specify "minVersion" or "requiredFeatures" property
[16:01:18] [main/DEBUG] (FabricLoader/Mixin) Mixin config fabric-recipe-api-v1.mixins.json does not specify "minVersion" or "requiredFeatures" property
[16:01:18] [main/DEBUG] (FabricLoader/Mixin) Mixin config fabric-recipe-api-v1.client.mixins.json does not specify "minVersion" or "requiredFeatures" property
[16:01:18] [main/DEBUG] (FabricLoader/Mixin) Mixin config fabric-client-gametest-api-v1.mixins.json does not specify "minVersion" or "requiredFeatures" property
[16:01:18] [main/DEBUG] (FabricLoader/Mixin) Mixin config fabric-block-api-v1.mixins.json does not specify "minVersion" or "requiredFeatures" property
[16:01:18] [main/DEBUG] (FabricLoader/Mixin) Mixin config fabric-tag-api-v1.mixins.json does not specify "minVersion" or "requiredFeatures" property
[16:01:18] [main/DEBUG] (FabricLoader/Mixin) Mixin config fabric-transfer-api-v1.mixins.json does not specify "minVersion" or "requiredFeatures" property
[16:01:18] [main/DEBUG] (FabricLoader/Mixin) Mixin config fabric-renderer-indigo.mixins.json does not specify "minVersion" or "requiredFeatures" property
[16:01:18] [main/DEBUG] (FabricLoader/Mixin) Mixin config fabric-data-attachment-api-v1.mixins.json does not specify "minVersion" or "requiredFeatures" property
[16:01:18] [main/DEBUG] (FabricLoader/Mixin) Mixin config fabric-data-attachment-api-v1.client.mixins.json does not specify "minVersion" or "requiredFeatures" property
[16:01:18] [main/DEBUG] (FabricLoader/Mixin) Mixin config fabric-debug-api-v1.mixins.json does not specify "minVersion" or "requiredFeatures" property
[16:01:18] [main/DEBUG] (FabricLoader/Mixin) Mixin config fabric-debug-api-v1.client.mixins.json does not specify "minVersion" or "requiredFeatures" property
[16:01:18] [main/DEBUG] (FabricLoader/Mixin) Mixin config fabric-registry-sync-v0.mixins.json does not specify "minVersion" or "requiredFeatures" property
[16:01:18] [main/DEBUG] (FabricLoader/Mixin) Mixin config fabric-registry-sync-v0.client.mixins.json does not specify "minVersion" or "requiredFeatures" property
[16:01:18] [main/DEBUG] (FabricLoader/Mixin) Mixin config fabric-object-builder-v1.mixins.json does not specify "minVersion" or "requiredFeatures" property
[16:01:18] [main/DEBUG] (FabricLoader/Mixin) Mixin config fabric-object-builder-v1.client.mixins.json does not specify "minVersion" or "requiredFeatures" property
[16:01:18] [main/DEBUG] (FabricLoader/Mixin) Mixin config fabric-dimensions-v1.mixins.json does not specify "minVersion" or "requiredFeatures" property
[16:01:18] [main/DEBUG] (FabricLoader/Mixin) Mixin config fabric-events-interaction-v0.mixins.json does not specify "minVersion" or "requiredFeatures" property
[16:01:18] [main/DEBUG] (FabricLoader/Mixin) Mixin config fabric-events-interaction-v0.client.mixins.json does not specify "minVersion" or "requiredFeatures" property
[16:01:18] [main/DEBUG] (FabricLoader/Mixin) Mixin config fabric-rendering-fluids-v1.mixins.json does not specify "minVersion" or "requiredFeatures" property
[16:01:18] [main/DEBUG] (FabricLoader/Mixin) Mixin config fabric-gametest-api-v1.mixins.json does not specify "minVersion" or "requiredFeatures" property
[16:01:18] [main/DEBUG] (FabricLoader/Mixin) Mixin config fabric-resource-conditions-api-v1.mixins.json does not specify "minVersion" or "requiredFeatures" property
[16:01:18] [main/DEBUG] (FabricLoader/Mixin) Mixin config fabric-screen-api-v1.mixins.json does not specify "minVersion" or "requiredFeatures" property
[16:01:18] [main/DEBUG] (FabricLoader/Mixin) Mixin config fabric-rendering-v1.mixins.json does not specify "minVersion" or "requiredFeatures" property
[16:01:18] [main/DEBUG] (FabricLoader/Mixin) Mixin config fabric-command-api-v2.mixins.json does not specify "minVersion" or "requiredFeatures" property
[16:01:18] [main/DEBUG] (FabricLoader/Mixin) Mixin config fabric-command-api-v2.client.mixins.json does not specify "minVersion" or "requiredFeatures" property
[16:01:18] [main/DEBUG] (FabricLoader/Mixin) Mixin config fabric-crash-report-info-v1.mixins.json does not specify "minVersion" or "requiredFeatures" property
[16:01:18] [main/DEBUG] (FabricLoader/Mixin) Mixin config fabric-data-generation-api-v1.mixins.json does not specify "minVersion" or "requiredFeatures" property
[16:01:18] [main/DEBUG] (FabricLoader/Mixin) Mixin config fabric-data-generation-api-v1.client.mixins.json does not specify "minVersion" or "requiredFeatures" property
[16:01:18] [main/DEBUG] (FabricLoader/Mixin) Mixin config fabric-loot-api-v3.mixins.json does not specify "minVersion" or "requiredFeatures" property
[16:01:18] [main/DEBUG] (FabricLoader/Mixin) Mixin config fabric-game-rule-api-v1.mixins.json does not specify "minVersion" or "requiredFeatures" property
[16:01:18] [main/DEBUG] (FabricLoader/Mixin) Mixin config fabric-game-rule-api-v1.client.mixins.json does not specify "minVersion" or "requiredFeatures" property
[16:01:18] [main/DEBUG] (FabricLoader/Mixin) Mixin config fabric-api-lookup-api-v1.mixins.json does not specify "minVersion" or "requiredFeatures" property
[16:01:18] [main/DEBUG] (FabricLoader/Mixin) Mixin config fabric-biome-api-v1.mixins.json does not specify "minVersion" or "requiredFeatures" property
[16:01:18] [main/DEBUG] (FabricLoader/Mixin) Mixin config fabric-convention-tags-api-v2.mixins.json does not specify "minVersion" or "requiredFeatures" property
[16:01:18] [main/DEBUG] (FabricLoader/Mixin) Mixin config fabric-sound-api-v1.mixins.json does not specify "minVersion" or "requiredFeatures" property
[16:01:18] [main/DEBUG] (FabricLoader/Mixin) Mixin config fabric-resource-loader-v1.mixins.json does not specify "minVersion" or "requiredFeatures" property
[16:01:18] [main/DEBUG] (FabricLoader/Mixin) Mixin config fabric-resource-loader-v1.client.mixins.json does not specify "minVersion" or "requiredFeatures" property
[16:01:18] [main/DEBUG] (FabricLoader/Mixin) Mixin config fabric-message-api-v1.mixins.json does not specify "minVersion" or "requiredFeatures" property
[16:01:18] [main/DEBUG] (FabricLoader/Mixin) Mixin config fabric-message-api-v1.client.mixins.json does not specify "minVersion" or "requiredFeatures" property
[16:01:18] [main/DEBUG] (FabricLoader/Mixin) Mixin config fabric-entity-events-v1.mixins.json does not specify "minVersion" or "requiredFeatures" property
[16:01:18] [main/DEBUG] (FabricLoader/Mixin) Mixin config fabric-creative-tab-api-v1.mixins.json does not specify "minVersion" or "requiredFeatures" property
[16:01:18] [main/DEBUG] (FabricLoader/Mixin) Mixin config fabric-creative-tab-api-v1.client.mixins.json does not specify "minVersion" or "requiredFeatures" property
[16:01:18] [main/DEBUG] (FabricLoader/Mixin) Mixin config fabric-networking-api-v1.mixins.json does not specify "minVersion" or "requiredFeatures" property
[16:01:18] [main/DEBUG] (FabricLoader/Mixin) Mixin config fabric-networking-api-v1.client.mixins.json does not specify "minVersion" or "requiredFeatures" property
[16:01:18] [main/DEBUG] (FabricLoader/Mixin) Mixin config fabric-renderer-api-v1.mixins.json does not specify "minVersion" or "requiredFeatures" property
[16:01:18] [main/DEBUG] (FabricLoader/Mixin) Mixin config fabric-item-api-v1.mixins.json does not specify "minVersion" or "requiredFeatures" property
[16:01:18] [main/DEBUG] (FabricLoader/Mixin) Mixin config fabric-item-api-v1.client.mixins.json does not specify "minVersion" or "requiredFeatures" property
[16:01:18] [main/DEBUG] (FabricLoader/Mixin) Mixin config fabric-block-getter-api-v2.mixins.json does not specify "minVersion" or "requiredFeatures" property
[16:01:18] [main/DEBUG] (FabricLoader/Mixin) Mixin config fabric-block-getter-api-v2.client.mixins.json does not specify "minVersion" or "requiredFeatures" property
[16:01:18] [main/DEBUG] (FabricLoader/Mixin) Mixin config fabric-content-registries-v0.mixins.json does not specify "minVersion" or "requiredFeatures" property
[16:01:18] [main/DEBUG] (FabricLoader/Mixin) Mixin config fabric-content-registries-v0.client.mixins.json does not specify "minVersion" or "requiredFeatures" property
[16:01:18] [main/DEBUG] (FabricLoader/Mixin) Mixin config fabric-serialization-api-v1.mixins.json does not specify "minVersion" or "requiredFeatures" property
[16:01:18] [main/DEBUG] (FabricLoader/Mixin) Mixin config fabric-key-mapping-api-v1.mixins.json does not specify "minVersion" or "requiredFeatures" property
[16:01:18] [main/DEBUG] (FabricLoader/Knot) Adding /home/bear/swagcraft/.gradle/loom-cache/minecraftMaven/net/minecraft/minecraft-merged-043a8b3edf/26.2/minecraft-merged-043a8b3edf-26.2.jar to classpath.
[16:01:18] [main/DEBUG] (FabricLoader/Knot) Adding /home/bear/swagcraft/build/classes/java/main to classpath.
[16:01:18] [main/DEBUG] (FabricLoader/Knot) Adding /home/bear/swagcraft/build/resources/main to classpath.
[16:01:18] [main/DEBUG] (FabricLoader/Knot) Adding /home/bear/.gradle/caches/modules-2/files-2.1/net.fabricmc.fabric-api/fabric-api/0.156.0+26.2/d96e0d9ef8ea3604fac4ca7495d7c6148f3ac816/fabric-api-0.156.0+26.2.jar to classpath.
[16:01:18] [main/DEBUG] (FabricLoader/Knot) Adding /home/bear/.gradle/caches/modules-2/files-2.1/io.github.llamalad7/mixinextras-fabric/0.5.4/5e167154bcb9942111313a5e186e16cd7265f858/mixinextras-fabric-0.5.4.jar to classpath.
[16:01:18] [main/DEBUG] (FabricLoader/Knot) Adding /home/bear/.gradle/caches/modules-2/files-2.1/net.fabricmc/dev-launch-injector/0.2.1+build.8/da8bef7e6e2f952da707f282bdb46882a0fce5e3/dev-launch-injector-0.2.1+build.8.jar to classpath.
[16:01:18] [main/DEBUG] (FabricLoader/Knot) Adding /home/bear/.gradle/caches/modules-2/files-2.1/at.yawk.lz4/lz4-java/1.10.1/f541d7f910fe3d76f38f799c507c48cc81b12ecb/lz4-java-1.10.1.jar to classpath.
[16:01:18] [main/DEBUG] (FabricLoader/Knot) Adding /home/bear/.gradle/caches/modules-2/files-2.1/com.azure/azure-json/1.4.0/fcc1d354dbc3e0300e5276b1bf124d0247799cd8/azure-json-1.4.0.jar to classpath.
[16:01:18] [main/DEBUG] (FabricLoader/Knot) Adding /home/bear/.gradle/caches/modules-2/files-2.1/com.github.oshi/oshi-core/6.9.0/3224870731860cfcd7744581a05b559e94291e7/oshi-core-6.9.0.jar to classpath.
[16:01:18] [main/DEBUG] (FabricLoader/Knot) Adding /home/bear/.gradle/caches/modules-2/files-2.1/com.google.guava/failureaccess/1.0.3/aeaffd00d57023a2c947393ed251f0354f0985fc/failureaccess-1.0.3.jar to classpath.
[16:01:18] [main/DEBUG] (FabricLoader/Knot) Adding /home/bear/.gradle/caches/modules-2/files-2.1/com.google.guava/guava/33.6.0-jre/c376b13067cc99a5774403530953f7b05a91e218/guava-33.6.0-jre.jar to classpath.
[16:01:18] [main/DEBUG] (FabricLoader/Knot) Adding /home/bear/.gradle/caches/modules-2/files-2.1/com.ibm.icu/icu4j/78.3/6a851a53bb1f25689fc418dcc8935b0d93580adf/icu4j-78.3.jar to classpath.
[16:01:18] [main/DEBUG] (FabricLoader/Knot) Adding /home/bear/.gradle/caches/modules-2/files-2.1/com.microsoft.azure/msal4j/1.24.1/c233f2d047b9755f7041adf21a858c680e4c9242/msal4j-1.24.1.jar to classpath.
[16:01:18] [main/DEBUG] (FabricLoader/Knot) Adding /home/bear/.gradle/caches/modules-2/files-2.1/com.mojang/blocklist/1.0.10/5c685c5ffa94c4cd39496c7184c1d122e515ecef/blocklist-1.0.10.jar to classpath.
[16:01:18] [main/DEBUG] (FabricLoader/Knot) Adding /home/bear/.gradle/caches/modules-2/files-2.1/com.mojang/brigadier/1.3.10/d15b53a14cf20fdcaa98f731af5dda654452c010/brigadier-1.3.10.jar to classpath.
[16:01:18] [main/DEBUG] (FabricLoader/Knot) Adding /home/bear/.gradle/caches/modules-2/files-2.1/com.mojang/datafixerupper/10.0.21/b6b2ae770c02e0c1eb90f9985b151e9085a38d0b/datafixerupper-10.0.21.jar to classpath.
[16:01:18] [main/DEBUG] (FabricLoader/Knot) Adding /home/bear/.gradle/caches/modules-2/files-2.1/com.mojang/jtracy/1.0.37/a3fb649b2e2b2288d2978f0b0bc3d83f62809d1e/jtracy-1.0.37.jar to classpath.
[16:01:18] [main/DEBUG] (FabricLoader/Knot) Adding /home/bear/.gradle/caches/modules-2/files-2.1/com.mojang/jtracy/1.0.37/e1b4395227af41195da9e2ead13c48ee0b7d31cd/jtracy-1.0.37-natives-linux.jar to classpath.
[16:01:18] [main/DEBUG] (FabricLoader/Knot) Adding /home/bear/.gradle/caches/modules-2/files-2.1/com.mojang/patchy/2.2.10/da05971b07cbb379d002cf7eaec6a2048211fefc/patchy-2.2.10.jar to classpath.
[16:01:18] [main/DEBUG] (FabricLoader/Knot) Adding /home/bear/.gradle/caches/modules-2/files-2.1/com.mojang/text2speech/1.19.12/2e517a75c79d34d32de2b5d68422150836c2133e/text2speech-1.19.12.jar to classpath.
[16:01:18] [main/DEBUG] (FabricLoader/Knot) Adding /home/bear/.gradle/caches/modules-2/files-2.1/commons-codec/commons-codec/1.22.0/6b3eb4beb7058c2a638f5f17bcb388649fd339dd/commons-codec-1.22.0.jar to classpath.
[16:01:18] [main/DEBUG] (FabricLoader/Knot) Adding /home/bear/.gradle/caches/modules-2/files-2.1/commons-io/commons-io/2.20.0/36f3474daec2849c149e877614e7f979b2082cd2/commons-io-2.20.0.jar to classpath.
[16:01:18] [main/DEBUG] (FabricLoader/Knot) Adding /home/bear/.gradle/caches/modules-2/files-2.1/io.netty/netty-buffer/4.2.15.Final/2beb620803bf871cda2dd5d46b8f831e8015dd34/netty-buffer-4.2.15.Final.jar to classpath.
[16:01:18] [main/DEBUG] (FabricLoader/Knot) Adding /home/bear/.gradle/caches/modules-2/files-2.1/io.netty/netty-codec-base/4.2.15.Final/e97149fdd5fb04858efa90e314651c8d700dc68b/netty-codec-base-4.2.15.Final.jar to classpath.
[16:01:18] [main/DEBUG] (FabricLoader/Knot) Adding /home/bear/.gradle/caches/modules-2/files-2.1/io.netty/netty-codec-compression/4.2.15.Final/89fc4a20b7ae6af974304b1695405e62c4f9b16d/netty-codec-compression-4.2.15.Final.jar to classpath.
[16:01:18] [main/DEBUG] (FabricLoader/Knot) Adding /home/bear/.gradle/caches/modules-2/files-2.1/io.netty/netty-codec-http/4.2.15.Final/e611826aa054371bb9a17f27bdb05755a4cac5f0/netty-codec-http-4.2.15.Final.jar to classpath.
[16:01:18] [main/DEBUG] (FabricLoader/Knot) Adding /home/bear/.gradle/caches/modules-2/files-2.1/io.netty/netty-common/4.2.15.Final/7222492c1af9c2d4d78d521eea340a619e242fda/netty-common-4.2.15.Final.jar to classpath.
[16:01:18] [main/DEBUG] (FabricLoader/Knot) Adding /home/bear/.gradle/caches/modules-2/files-2.1/io.netty/netty-handler/4.2.15.Final/d5344afd1148e3b9927a74be019605ebb0937a93/netty-handler-4.2.15.Final.jar to classpath.
[16:01:18] [main/DEBUG] (FabricLoader/Knot) Adding /home/bear/.gradle/caches/modules-2/files-2.1/io.netty/netty-resolver/4.2.15.Final/b961a16d379b508b473e064ba06842bba280f4e3/netty-resolver-4.2.15.Final.jar to classpath.
[16:01:18] [main/DEBUG] (FabricLoader/Knot) Adding /home/bear/.gradle/caches/modules-2/files-2.1/io.netty/netty-transport-classes-epoll/4.2.15.Final/44bafba9c9993800e955b365bba4981326f3f3b1/netty-transport-classes-epoll-4.2.15.Final.jar to classpath.
[16:01:18] [main/DEBUG] (FabricLoader/Knot) Adding /home/bear/.gradle/caches/modules-2/files-2.1/io.netty/netty-transport-classes-kqueue/4.2.15.Final/f248656bb907607c5a41c7b61fd918a97db79250/netty-transport-classes-kqueue-4.2.15.Final.jar to classpath.
[16:01:18] [main/DEBUG] (FabricLoader/Knot) Adding /home/bear/.gradle/caches/modules-2/files-2.1/io.netty/netty-transport-native-epoll/4.2.15.Final/cccd31f2c8e966ab1e7a4d2293c8a3965628fe73/netty-transport-native-epoll-4.2.15.Final-linux-aarch_64.jar to classpath.
[16:01:18] [main/DEBUG] (FabricLoader/Knot) Adding /home/bear/.gradle/caches/modules-2/files-2.1/io.netty/netty-transport-native-epoll/4.2.15.Final/ce256127f8ed3f076756f1f4dcb5877d65d1f1c2/netty-transport-native-epoll-4.2.15.Final-linux-x86_64.jar to classpath.
[16:01:18] [main/DEBUG] (FabricLoader/Knot) Adding /home/bear/.gradle/caches/modules-2/files-2.1/io.netty/netty-transport-native-unix-common/4.2.15.Final/efb6943b4de9e0226a5ac35330f232605424af02/netty-transport-native-unix-common-4.2.15.Final.jar to classpath.
[16:01:18] [main/DEBUG] (FabricLoader/Knot) Adding /home/bear/.gradle/caches/modules-2/files-2.1/io.netty/netty-transport/4.2.15.Final/a000c3a6196ee40207b73ac619dcb339409dd62f/netty-transport-4.2.15.Final.jar to classpath.
[16:01:18] [main/DEBUG] (FabricLoader/Knot) Adding /home/bear/.gradle/caches/modules-2/files-2.1/it.unimi.dsi/fastutil/8.5.18/a6cff377eecc19c2037bf31568a6d7106b50ba1f/fastutil-8.5.18.jar to classpath.
[16:01:18] [main/DEBUG] (FabricLoader/Knot) Adding /home/bear/.gradle/caches/modules-2/files-2.1/net.java.dev.jna/jna-platform/5.17.0/a4934c44d25a9d8c2ddf4203affd20330cb3426f/jna-platform-5.17.0.jar to classpath.
[16:01:18] [main/DEBUG] (FabricLoader/Knot) Adding /home/bear/.gradle/caches/modules-2/files-2.1/net.java.dev.jna/jna/5.17.0/33d12735bef894440780fce64f9758d420c7bae2/jna-5.17.0.jar to classpath.
[16:01:18] [main/DEBUG] (FabricLoader/Knot) Adding /home/bear/.gradle/caches/modules-2/files-2.1/net.sf.jopt-simple/jopt-simple/5.0.4/4fdac2fbe92dfad86aa6e9301736f6b4342a3f5c/jopt-simple-5.0.4.jar to classpath.
[16:01:18] [main/DEBUG] (FabricLoader/Knot) Adding /home/bear/.gradle/caches/modules-2/files-2.1/org.apache.commons/commons-compress/1.28.0/e482f2c7a88dac3c497e96aa420b6a769f59c8d7/commons-compress-1.28.0.jar to classpath.
[16:01:18] [main/DEBUG] (FabricLoader/Knot) Adding /home/bear/.gradle/caches/modules-2/files-2.1/org.apache.commons/commons-lang3/3.20.0/65897b3e5731220962e659e001904af3c3cbeba9/commons-lang3-3.20.0.jar to classpath.
[16:01:18] [main/DEBUG] (FabricLoader/Knot) Adding /home/bear/.gradle/caches/modules-2/files-2.1/org.jcraft/jorbis/0.0.17/8872d22b293e8f5d7d56ff92be966e6dc28ebdc6/jorbis-0.0.17.jar to classpath.
[16:01:18] [main/DEBUG] (FabricLoader/Knot) Adding /home/bear/.gradle/caches/modules-2/files-2.1/org.joml/joml/1.10.8/fc0a71dad90a2cf41d82a76156a0e700af8e4f8d/joml-1.10.8.jar to classpath.
[16:01:18] [main/DEBUG] (FabricLoader/Knot) Adding /home/bear/.gradle/caches/modules-2/files-2.1/org.jspecify/jspecify/1.0.0/7425a601c1c7ec76645a78d22b8c6a627edee507/jspecify-1.0.0.jar to classpath.
[16:01:18] [main/DEBUG] (FabricLoader/Knot) Adding /home/bear/.gradle/caches/modules-2/files-2.1/org.lwjgl/lwjgl-freetype/3.4.1/caa75a37e857efc9b0686e434d708d6420c5b6ea/lwjgl-freetype-3.4.1.jar to classpath.
[16:01:18] [main/DEBUG] (FabricLoader/Knot) Adding /home/bear/.gradle/caches/modules-2/files-2.1/org.lwjgl/lwjgl-freetype/3.4.1/40a29a29b1549c4cad073ccd682e3776ffb454fa/lwjgl-freetype-3.4.1-natives-linux.jar to classpath.
[16:01:18] [main/DEBUG] (FabricLoader/Knot) Adding /home/bear/.gradle/caches/modules-2/files-2.1/org.lwjgl/lwjgl-glfw/3.4.1/a782b1ddd175c9107bf300fd92920579ea65e2a4/lwjgl-glfw-3.4.1.jar to classpath.
[16:01:18] [main/DEBUG] (FabricLoader/Knot) Adding /home/bear/.gradle/caches/modules-2/files-2.1/org.lwjgl/lwjgl-glfw/3.4.1/23cdf7655ce9f3b27ad90f08e73345e0d5b46362/lwjgl-glfw-3.4.1-natives-linux.jar to classpath.
[16:01:18] [main/DEBUG] (FabricLoader/Knot) Adding /home/bear/.gradle/caches/modules-2/files-2.1/org.lwjgl/lwjgl-jemalloc/3.4.1/16b663092854fc6adfe0a941e61cae2bb2e437b6/lwjgl-jemalloc-3.4.1.jar to classpath.
[16:01:18] [main/DEBUG] (FabricLoader/Knot) Adding /home/bear/.gradle/caches/modules-2/files-2.1/org.lwjgl/lwjgl-jemalloc/3.4.1/b83c82d941f2e624d150d6d1e2efcf4ea49ff8ea/lwjgl-jemalloc-3.4.1-natives-linux.jar to classpath.
[16:01:18] [main/DEBUG] (FabricLoader/Knot) Adding /home/bear/.gradle/caches/modules-2/files-2.1/org.lwjgl/lwjgl-openal/3.4.1/8508bd60589de0539aa465b78fcf838efd07ae9a/lwjgl-openal-3.4.1.jar to classpath.
[16:01:18] [main/DEBUG] (FabricLoader/Knot) Adding /home/bear/.gradle/caches/modules-2/files-2.1/org.lwjgl/lwjgl-openal/3.4.1/dbff577119266cd4312e4eb9cc2b171407c56360/lwjgl-openal-3.4.1-natives-linux.jar to classpath.
[16:01:18] [main/DEBUG] (FabricLoader/Knot) Adding /home/bear/.gradle/caches/modules-2/files-2.1/org.lwjgl/lwjgl-opengl/3.4.1/830412cab823c029cda6b9729f9d2ed36cf79959/lwjgl-opengl-3.4.1.jar to classpath.
[16:01:18] [main/DEBUG] (FabricLoader/Knot) Adding /home/bear/.gradle/caches/modules-2/files-2.1/org.lwjgl/lwjgl-opengl/3.4.1/b750599f0e75ddb19f1d0fe993f3011334b710ae/lwjgl-opengl-3.4.1-natives-linux.jar to classpath.
[16:01:18] [main/DEBUG] (FabricLoader/Knot) Adding /home/bear/.gradle/caches/modules-2/files-2.1/org.lwjgl/lwjgl-shaderc/3.4.1/5c02c88f0d879529014c78463b76f43fdecfd272/lwjgl-shaderc-3.4.1.jar to classpath.
[16:01:18] [main/DEBUG] (FabricLoader/Knot) Adding /home/bear/.gradle/caches/modules-2/files-2.1/org.lwjgl/lwjgl-shaderc/3.4.1/4289bdfa998c4afcdfa7c6925baf50e938113188/lwjgl-shaderc-3.4.1-natives-linux.jar to classpath.
[16:01:18] [main/DEBUG] (FabricLoader/Knot) Adding /home/bear/.gradle/caches/modules-2/files-2.1/org.lwjgl/lwjgl-spvc/3.4.1/188553592e97b5ab2dba54a1b403ee80b48dad4c/lwjgl-spvc-3.4.1.jar to classpath.
[16:01:18] [main/DEBUG] (FabricLoader/Knot) Adding /home/bear/.gradle/caches/modules-2/files-2.1/org.lwjgl/lwjgl-spvc/3.4.1/6ea8d9edcfcc5664d14e11b9a37a1a900783584a/lwjgl-spvc-3.4.1-natives-linux.jar to classpath.
[16:01:18] [main/DEBUG] (FabricLoader/Knot) Adding /home/bear/.gradle/caches/modules-2/files-2.1/org.lwjgl/lwjgl-stb/3.4.1/f077c3dafc31924fbe8acb0b913f08977ba27f8e/lwjgl-stb-3.4.1.jar to classpath.
[16:01:18] [main/DEBUG] (FabricLoader/Knot) Adding /home/bear/.gradle/caches/modules-2/files-2.1/org.lwjgl/lwjgl-stb/3.4.1/7e1cfae909da6c68f3cb6073a9bfeb6c90e82a57/lwjgl-stb-3.4.1-natives-linux.jar to classpath.
[16:01:18] [main/DEBUG] (FabricLoader/Knot) Adding /home/bear/.gradle/caches/modules-2/files-2.1/org.lwjgl/lwjgl-tinyfd/3.4.1/562697d40dbd2ed0424bf24dcf65d51170f81adf/lwjgl-tinyfd-3.4.1.jar to classpath.
[16:01:18] [main/DEBUG] (FabricLoader/Knot) Adding /home/bear/.gradle/caches/modules-2/files-2.1/org.lwjgl/lwjgl-tinyfd/3.4.1/fc6a72690afc8defb60d82ad1de64dd8f537154c/lwjgl-tinyfd-3.4.1-natives-linux.jar to classpath.
[16:01:18] [main/DEBUG] (FabricLoader/Knot) Adding /home/bear/.gradle/caches/modules-2/files-2.1/org.lwjgl/lwjgl-vma/3.4.1/2c54ce10154feb1ede4d23c5947438cdbfdcc003/lwjgl-vma-3.4.1.jar to classpath.
[16:01:18] [main/DEBUG] (FabricLoader/Knot) Adding /home/bear/.gradle/caches/modules-2/files-2.1/org.lwjgl/lwjgl-vma/3.4.1/1d5d00e4abed992e0850aa970d338453ebbd3e0c/lwjgl-vma-3.4.1-natives-linux.jar to classpath.
[16:01:18] [main/DEBUG] (FabricLoader/Knot) Adding /home/bear/.gradle/caches/modules-2/files-2.1/org.lwjgl/lwjgl-vulkan/3.4.1/d0601fdc38890755e5638048c14cc0f7b990964b/lwjgl-vulkan-3.4.1.jar to classpath.
[16:01:18] [main/DEBUG] (FabricLoader/Knot) Adding /home/bear/.gradle/caches/modules-2/files-2.1/org.lwjgl/lwjgl/3.4.1/129e06a04f93992cb2a45172435b21fc4b60dd7d/lwjgl-3.4.1-unsafe.jar to classpath.
[16:01:18] [main/DEBUG] (FabricLoader/Knot) Adding /home/bear/.gradle/caches/modules-2/files-2.1/org.lwjgl/lwjgl/3.4.1/2734e106bd95db49fe0da8cf8bf7fd96475c436c/lwjgl-3.4.1-natives-linux.jar to classpath.
[16:01:18] [main/DEBUG] (FabricLoader/Knot) Adding /home/bear/.gradle/caches/modules-2/files-2.1/io.netty/netty-transport-native-kqueue/4.2.15.Final/4245380831515fb4eca18d32477a27fbb8f7b8f4/netty-transport-native-kqueue-4.2.15.Final-osx-x86_64.jar to classpath.
[16:01:18] [main/DEBUG] (FabricLoader/Knot) Adding /home/bear/.gradle/caches/modules-2/files-2.1/io.netty/netty-transport-native-kqueue/4.2.15.Final/8ea0ef3eb716d821332e4b4926825a4b7c1a6d38/netty-transport-native-kqueue-4.2.15.Final-osx-aarch_64.jar to classpath.
[16:01:18] [main/DEBUG] (FabricLoader/Knot) Adding /home/bear/.gradle/caches/modules-2/files-2.1/net.fabricmc.fabric-api/fabric-transfer-api-v1/8.0.12+11dbb7d79e/b2bcd304a951ee748602f18b6ffc89fb32c14a14/fabric-transfer-api-v1-8.0.12+11dbb7d79e.jar to classpath.
[16:01:18] [main/DEBUG] (FabricLoader/Knot) Adding /home/bear/.gradle/caches/modules-2/files-2.1/net.fabricmc.fabric-api/fabric-api-lookup-api-v1/2.0.17+11e1c9a39e/491ba67a029a00c00912050d9ef6875bf78ecaef/fabric-api-lookup-api-v1-2.0.17+11e1c9a39e.jar to classpath.
[16:01:18] [main/DEBUG] (FabricLoader/Knot) Adding /home/bear/.gradle/caches/modules-2/files-2.1/net.fabricmc.fabric-api/fabric-command-api-v2/3.1.0+00cb03469e/b144d197307c39c1bc516c274d9460f0116131a3/fabric-command-api-v2-3.1.0+00cb03469e.jar to classpath.
[16:01:18] [main/DEBUG] (FabricLoader/Knot) Adding /home/bear/.gradle/caches/modules-2/files-2.1/net.fabricmc.fabric-api/fabric-content-registries-v0/11.3.0+d0a699d09e/9b8f6dfaf4d3c601152942a7f3946114d41c2b71/fabric-content-registries-v0-11.3.0+d0a699d09e.jar to classpath.
[16:01:18] [main/DEBUG] (FabricLoader/Knot) Adding /home/bear/.gradle/caches/modules-2/files-2.1/net.fabricmc.fabric-api/fabric-data-generation-api-v1/25.5.0+aed122aa9e/f3565695da2373effe3542dabc63a1d23140f236/fabric-data-generation-api-v1-25.5.0+aed122aa9e.jar to classpath.
[16:01:18] [main/DEBUG] (FabricLoader/Knot) Adding /home/bear/.gradle/caches/modules-2/files-2.1/net.fabricmc.fabric-api/fabric-convention-tags-v2/4.7.0+1f023a9e9e/7d9023bfcca4a74a72580b70cd84ce547a9e63bb/fabric-convention-tags-v2-4.7.0+1f023a9e9e.jar to classpath.
[16:01:18] [main/DEBUG] (FabricLoader/Knot) Adding /home/bear/.gradle/caches/modules-2/files-2.1/net.fabricmc.fabric-api/fabric-creative-tab-api-v1/5.0.14+d871b99e9e/6730a71041da25b25aed75b88eb4cb1eb971f4f0/fabric-creative-tab-api-v1-5.0.14+d871b99e9e.jar to classpath.
[16:01:18] [main/DEBUG] (FabricLoader/Knot) Adding /home/bear/.gradle/caches/modules-2/files-2.1/net.fabricmc.fabric-api/fabric-data-attachment-api-v1/2.2.18+515ac5339e/67d246e2dc7c33e7c58e70655180891703bb199/fabric-data-attachment-api-v1-2.2.18+515ac5339e.jar to classpath.
[16:01:18] [main/DEBUG] (FabricLoader/Knot) Adding /home/bear/.gradle/caches/modules-2/files-2.1/net.fabricmc.fabric-api/fabric-debug-api-v1/1.0.2+c792624d9e/9f0581bb985edf22a0d812dbe67178bd2849286/fabric-debug-api-v1-1.0.2+c792624d9e.jar to classpath.
[16:01:18] [main/DEBUG] (FabricLoader/Knot) Adding /home/bear/.gradle/caches/modules-2/files-2.1/net.fabricmc.fabric-api/fabric-dimensions-v1/5.1.11+515ac5339e/b303c9f570e9157a0a29998335785dc3b7f2a8a6/fabric-dimensions-v1-5.1.11+515ac5339e.jar to classpath.
[16:01:18] [main/DEBUG] (FabricLoader/Knot) Adding /home/bear/.gradle/caches/modules-2/files-2.1/net.fabricmc.fabric-api/fabric-entity-events-v1/5.0.5+06488ac19e/5cbecb675b91d0ebfe2ef3f20339e1a2c76c435/fabric-entity-events-v1-5.0.5+06488ac19e.jar to classpath.
[16:01:18] [main/DEBUG] (FabricLoader/Knot) Adding /home/bear/.gradle/caches/modules-2/files-2.1/net.fabricmc.fabric-api/fabric-events-interaction-v0/5.2.7+515ac5339e/fdb7f47e29a0294100b1fa95d3f54e288ff142b6/fabric-events-interaction-v0-5.2.7+515ac5339e.jar to classpath.
[16:01:18] [main/DEBUG] (FabricLoader/Knot) Adding /home/bear/.gradle/caches/modules-2/files-2.1/net.fabricmc.fabric-api/fabric-game-rule-api-v1/4.0.8+46a6d00c9e/886816530fb79c925eb1bc6c34dd4d9d82e71d49/fabric-game-rule-api-v1-4.0.8+46a6d00c9e.jar to classpath.
[16:01:18] [main/DEBUG] (FabricLoader/Knot) Adding /home/bear/.gradle/caches/modules-2/files-2.1/net.fabricmc.fabric-api/fabric-gametest-api-v1/4.0.21+4a7fa0819e/e211272a2b116eaed8a2b05170c14af84250ea6b/fabric-gametest-api-v1-4.0.21+4a7fa0819e.jar to classpath.
[16:01:18] [main/DEBUG] (FabricLoader/Knot) Adding /home/bear/.gradle/caches/modules-2/files-2.1/net.fabricmc.fabric-api/fabric-item-api-v1/14.4.0+49a69a7b9e/fef3ee32f02d0dfe435fb408b2f5d16bfe05bf94/fabric-item-api-v1-14.4.0+49a69a7b9e.jar to classpath.
[16:01:18] [main/DEBUG] (FabricLoader/Knot) Adding /home/bear/.gradle/caches/modules-2/files-2.1/net.fabricmc.fabric-api/fabric-recipe-api-v1/9.0.20+11e1c9a39e/c2540b28f851487fa5247fb3c7eb7fd0d58ee240/fabric-recipe-api-v1-9.0.20+11e1c9a39e.jar to classpath.
[16:01:18] [main/DEBUG] (FabricLoader/Knot) Adding /home/bear/.gradle/caches/modules-2/files-2.1/net.fabricmc.fabric-api/fabric-model-loading-api-v1/8.0.16+c80601bb9e/5d104226e85fffd0336cfcf0a0085eb5af2c3b7b/fabric-model-loading-api-v1-8.0.16+c80601bb9e.jar to classpath.
[16:01:18] [main/DEBUG] (FabricLoader/Knot) Adding /home/bear/.gradle/caches/modules-2/files-2.1/net.fabricmc.fabric-api/fabric-renderer-indigo/9.1.3+2b0d8a229e/b9a15bbfa210ea1753b206c51832ea8381d46fb/fabric-renderer-indigo-9.1.3+2b0d8a229e.jar to classpath.
[16:01:18] [main/DEBUG] (FabricLoader/Knot) Adding /home/bear/.gradle/caches/modules-2/files-2.1/net.fabricmc.fabric-api/fabric-renderer-api-v1/14.1.3+2b0d8a229e/d626deb09fea4d62987f739c21677b27331a2e00/fabric-renderer-api-v1-14.1.3+2b0d8a229e.jar to classpath.
[16:01:18] [main/DEBUG] (FabricLoader/Knot) Adding /home/bear/.gradle/caches/modules-2/files-2.1/net.fabricmc.fabric-api/fabric-rendering-v1/25.3.2+515ac5339e/c60fb9b8b8f321a8fd49a2f84ef4fbc967a02058/fabric-rendering-v1-25.3.2+515ac5339e.jar to classpath.
[16:01:18] [main/DEBUG] (FabricLoader/Knot) Adding /home/bear/.gradle/caches/modules-2/files-2.1/net.fabricmc.fabric-api/fabric-lifecycle-events-v1/4.1.3+4575b05f9e/a90250858d4e251a823d64d0e0f2877edf456f10/fabric-lifecycle-events-v1-4.1.3+4575b05f9e.jar to classpath.
[16:01:18] [main/DEBUG] (FabricLoader/Knot) Adding /home/bear/.gradle/caches/modules-2/files-2.1/net.fabricmc.fabric-api/fabric-loot-api-v3/3.0.17+06488ac19e/964f3985687b491093db6b9ff87b35106112b74d/fabric-loot-api-v3-3.0.17+06488ac19e.jar to classpath.
[16:01:18] [main/DEBUG] (FabricLoader/Knot) Adding /home/bear/.gradle/caches/modules-2/files-2.1/net.fabricmc.fabric-api/fabric-menu-api-v1/2.0.16+086d547a9e/8a0c9ebc8624604d15cc59fedf1ca43c55064696/fabric-menu-api-v1-2.0.16+086d547a9e.jar to classpath.
[16:01:18] [main/DEBUG] (FabricLoader/Knot) Adding /home/bear/.gradle/caches/modules-2/files-2.1/net.fabricmc.fabric-api/fabric-message-api-v1/7.0.7+086d547a9e/b3cd0276ce68d53d51c8c6ff8bb5b327745bbf7d/fabric-message-api-v1-7.0.7+086d547a9e.jar to classpath.
[16:01:18] [main/DEBUG] (FabricLoader/Knot) Adding /home/bear/.gradle/caches/modules-2/files-2.1/net.fabricmc.fabric-api/fabric-client-gametest-api-v1/6.0.0+515ac5339e/1ee4ef80c4f73873fa52dc556ae98059c74da37a/fabric-client-gametest-api-v1-6.0.0+515ac5339e.jar to classpath.
[16:01:18] [main/DEBUG] (FabricLoader/Knot) Adding /home/bear/.gradle/caches/modules-2/files-2.1/net.fabricmc.fabric-api/fabric-particles-v1/5.0.18+d1756aa99e/e67e831509acd4f7e5578ebed6bbbc7cf0165202/fabric-particles-v1-5.0.18+d1756aa99e.jar to classpath.
[16:01:18] [main/DEBUG] (FabricLoader/Knot) Adding /home/bear/.gradle/caches/modules-2/files-2.1/net.fabricmc.fabric-api/fabric-object-builder-api-v1/24.1.0+6fcd5f039e/3bf5bd0f8a4a53fdc3ac78bc93b1853c4b520722/fabric-object-builder-api-v1-24.1.0+6fcd5f039e.jar to classpath.
[16:01:18] [main/DEBUG] (FabricLoader/Knot) Adding /home/bear/.gradle/caches/modules-2/files-2.1/net.fabricmc.fabric-api/fabric-registry-sync-v0/7.1.0+c7bd5b8e9e/f2221eb179baa35535c43655ffcba3a5f1bea97f/fabric-registry-sync-v0-7.1.0+c7bd5b8e9e.jar to classpath.
[16:01:18] [main/DEBUG] (FabricLoader/Knot) Adding /home/bear/.gradle/caches/modules-2/files-2.1/net.fabricmc.fabric-api/fabric-networking-api-v1/6.3.3+72073ef09e/ec9e63e40eca212cb2ff05f72fc0f76a3ef9ba0a/fabric-networking-api-v1-6.3.3+72073ef09e.jar to classpath.
[16:01:18] [main/DEBUG] (FabricLoader/Knot) Adding /home/bear/.gradle/caches/modules-2/files-2.1/net.fabricmc.fabric-api/fabric-permission-api-v1/1.0.4+536fad2f9e/f2327def7ad7564d2e806ac5b069565330861443/fabric-permission-api-v1-1.0.4+536fad2f9e.jar to classpath.
[16:01:18] [main/DEBUG] (FabricLoader/Knot) Adding /home/bear/.gradle/caches/modules-2/files-2.1/net.fabricmc.fabric-api/fabric-rendering-fluids-v1/6.0.4+06488ac19e/9ded3bc73b5ff3c441075d0c8eca988aacce1f1f/fabric-rendering-fluids-v1-6.0.4+06488ac19e.jar to classpath.
[16:01:18] [main/DEBUG] (FabricLoader/Knot) Adding /home/bear/.gradle/caches/modules-2/files-2.1/net.fabricmc.fabric-api/fabric-tag-api-v1/2.1.4+515ac5339e/f66a24273cdcc2ce424bf8c69cdc9cf48bdcb328/fabric-tag-api-v1-2.1.4+515ac5339e.jar to classpath.
[16:01:18] [main/DEBUG] (FabricLoader/Knot) Adding /home/bear/.gradle/caches/modules-2/files-2.1/net.fabricmc.fabric-api/fabric-resource-loader-v0/3.3.20+4fc5413f9e/c6551ab905383f3c8e046a403a78a25bebabaff0/fabric-resource-loader-v0-3.3.20+4fc5413f9e.jar to classpath.
[16:01:18] [main/DEBUG] (FabricLoader/Knot) Adding /home/bear/.gradle/caches/modules-2/files-2.1/net.fabricmc.fabric-api/fabric-resource-loader-v1/2.0.13+9edec1269e/db19bb66f069d7ed3dde41eb7e1f9ff3122c15a4/fabric-resource-loader-v1-2.0.13+9edec1269e.jar to classpath.
[16:01:18] [main/DEBUG] (FabricLoader/Knot) Adding /home/bear/.gradle/caches/modules-2/files-2.1/net.fabricmc.fabric-api/fabric-screen-api-v1/5.1.0+48e3c0b09e/48198da19d0972e9f8ac976e18e4f30a742981f9/fabric-screen-api-v1-5.1.0+48e3c0b09e.jar to classpath.
[16:01:18] [main/DEBUG] (FabricLoader/Knot) Adding /home/bear/.gradle/caches/modules-2/files-2.1/net.fabricmc.fabric-api/fabric-api-base/2.0.4+ece063239e/e766f3698b7bab8b1e13683040f8648fab511ca3/fabric-api-base-2.0.4+ece063239e.jar to classpath.
[16:01:18] [main/DEBUG] (FabricLoader/Knot) Adding /home/bear/.gradle/caches/modules-2/files-2.1/net.fabricmc.fabric-api/fabric-biome-api-v1/18.0.6+c7bd5b8e9e/414c89d2bc8ab64dce1763edc4dbe4619113a5b/fabric-biome-api-v1-18.0.6+c7bd5b8e9e.jar to classpath.
[16:01:18] [main/DEBUG] (FabricLoader/Knot) Adding /home/bear/.gradle/caches/modules-2/files-2.1/net.fabricmc.fabric-api/fabric-block-api-v1/3.0.3+ec56b6019e/32d4afa4bbfa703830787de04d55e727816b676b/fabric-block-api-v1-3.0.3+ec56b6019e.jar to classpath.
[16:01:18] [main/DEBUG] (FabricLoader/Knot) Adding /home/bear/.gradle/caches/modules-2/files-2.1/net.fabricmc.fabric-api/fabric-block-getter-api-v2/2.0.7+ec56b6019e/8204045ca262749761be09b144618e6c4133ebe1/fabric-block-getter-api-v2-2.0.7+ec56b6019e.jar to classpath.
[16:01:18] [main/DEBUG] (FabricLoader/Knot) Adding /home/bear/.gradle/caches/modules-2/files-2.1/net.fabricmc.fabric-api/fabric-crash-report-info-v1/1.0.5+086d547a9e/119f48a9a648d86c89fe21444176d0032449d95c/fabric-crash-report-info-v1-1.0.5+086d547a9e.jar to classpath.
[16:01:18] [main/DEBUG] (FabricLoader/Knot) Adding /home/bear/.gradle/caches/modules-2/files-2.1/net.fabricmc.fabric-api/fabric-key-mapping-api-v1/2.0.5+e2bdee789e/c86dc688a7e9caa7edca9973dc6abfe37c652135/fabric-key-mapping-api-v1-2.0.5+e2bdee789e.jar to classpath.
[16:01:18] [main/DEBUG] (FabricLoader/Knot) Adding /home/bear/.gradle/caches/modules-2/files-2.1/net.fabricmc.fabric-api/fabric-resource-conditions-api-v1/6.1.0+10e9a28b9e/bfe91afa0e7712974b318ed7e274b493b038a596/fabric-resource-conditions-api-v1-6.1.0+10e9a28b9e.jar to classpath.
[16:01:18] [main/DEBUG] (FabricLoader/Knot) Adding /home/bear/.gradle/caches/modules-2/files-2.1/net.fabricmc.fabric-api/fabric-serialization-api-v1/2.0.4+11a26f319e/ebf77996be79909f639a7352689d851385a9cd2b/fabric-serialization-api-v1-2.0.4+11a26f319e.jar to classpath.
[16:01:18] [main/DEBUG] (FabricLoader/Knot) Adding /home/bear/.gradle/caches/modules-2/files-2.1/net.fabricmc.fabric-api/fabric-sound-api-v1/2.0.5+11a26f319e/73e4e62924608e1d1581f192607857db096dafe7/fabric-sound-api-v1-2.0.5+11a26f319e.jar to classpath.
[16:01:18] [main/DEBUG] (FabricLoader/Knot) Adding /home/bear/.gradle/caches/modules-2/files-2.1/net.fabricmc.fabric-api/fabric-transitive-access-wideners-v1/8.1.4+67c847259e/e1e769f8e123395ab939d5d8da900e6a6ad53ab2/fabric-transitive-access-wideners-v1-8.1.4+67c847259e.jar to classpath.
[16:01:18] [main/DEBUG] (FabricLoader/Entrypoint) No subscribers for entrypoint 'preLaunch'
[16:01:18] [main/DEBUG] (FabricLoader/Mixin) Preparing mixins for MixinEnvironment[DEFAULT]
[16:01:18] [main/DEBUG] (FabricLoader/Mixin) Selecting config fabric-permission-api-v1.mixins.json
[16:01:18] [main/DEBUG] (FabricLoader/Mixin) Selecting config fabric-menu-api-v1.mixins.json
[16:01:18] [main/DEBUG] (FabricLoader/Mixin) Selecting config mixinextras.init.mixins.json
[16:01:18] [main/DEBUG] (FabricLoader/MixinExtras|Service) com.llamalad7.mixinextras.service.MixinExtrasServiceImpl(version=0.5.4) is taking over from null
[16:01:18] [main/DEBUG] (FabricLoader/Mixin) Registering new injector for @Inject with org.spongepowered.asm.mixin.injection.struct.CallbackInjectionInfo
[16:01:18] [main/DEBUG] (FabricLoader/Mixin) Registering new injector for @ModifyArg with org.spongepowered.asm.mixin.injection.struct.ModifyArgInjectionInfo
[16:01:18] [main/DEBUG] (FabricLoader/Mixin) Registering new injector for @ModifyArgs with org.spongepowered.asm.mixin.injection.struct.ModifyArgsInjectionInfo
[16:01:18] [main/DEBUG] (FabricLoader/Mixin) Registering new injector for @Redirect with org.spongepowered.asm.mixin.injection.struct.RedirectInjectionInfo
[16:01:18] [main/DEBUG] (FabricLoader/Mixin) Registering new injector for @ModifyVariable with org.spongepowered.asm.mixin.injection.struct.ModifyVariableInjectionInfo
[16:01:18] [main/DEBUG] (FabricLoader/Mixin) Registering new injector for @ModifyConstant with org.spongepowered.asm.mixin.injection.struct.ModifyConstantInjectionInfo
[16:01:18] [main/DEBUG] (FabricLoader/Mixin) Selecting config fabric-model-loading-api-v1.mixins.json
[16:01:18] [main/DEBUG] (FabricLoader/Mixin) Selecting config fabric-particles-v1.mixins.json
[16:01:18] [main/DEBUG] (FabricLoader/Mixin) Selecting config fabric-particles-v1.client.mixins.json
[16:01:18] [main/DEBUG] (FabricLoader/Mixin) Selecting config fabric-lifecycle-events-v1.mixins.json
[16:01:18] [main/DEBUG] (FabricLoader/Mixin) Selecting config fabric-lifecycle-events-v1.client.mixins.json
[16:01:18] [main/DEBUG] (FabricLoader/Mixin) Selecting config fabric-recipe-api-v1.mixins.json
[16:01:18] [main/DEBUG] (FabricLoader/Mixin) Selecting config fabric-recipe-api-v1.client.mixins.json
[16:01:18] [main/DEBUG] (FabricLoader/Mixin) Selecting config fabric-client-gametest-api-v1.mixins.json
[16:01:18] [main/DEBUG] (FabricLoader/Mixin) Selecting config fabric-block-api-v1.mixins.json
[16:01:18] [main/DEBUG] (FabricLoader/Mixin) Selecting config fabric-tag-api-v1.mixins.json
[16:01:18] [main/DEBUG] (FabricLoader/Mixin) Selecting config fabric-transfer-api-v1.mixins.json
[16:01:18] [main/DEBUG] (FabricLoader/Mixin) Selecting config fabric-renderer-indigo.mixins.json
[16:01:18] [main/DEBUG] (FabricLoader/Mixin) Selecting config fabric-data-attachment-api-v1.mixins.json
[16:01:18] [main/DEBUG] (FabricLoader/Mixin) Selecting config fabric-data-attachment-api-v1.client.mixins.json
[16:01:18] [main/DEBUG] (FabricLoader/Mixin) Selecting config fabric-debug-api-v1.mixins.json
[16:01:18] [main/DEBUG] (FabricLoader/Mixin) Selecting config fabric-debug-api-v1.client.mixins.json
[16:01:18] [main/DEBUG] (FabricLoader/Mixin) Selecting config fabric-registry-sync-v0.mixins.json
[16:01:18] [main/DEBUG] (FabricLoader/Mixin) Selecting config fabric-registry-sync-v0.client.mixins.json
[16:01:18] [main/DEBUG] (FabricLoader/Mixin) Selecting config fabric-object-builder-v1.mixins.json
[16:01:18] [main/DEBUG] (FabricLoader/Mixin) Selecting config fabric-object-builder-v1.client.mixins.json
[16:01:18] [main/DEBUG] (FabricLoader/Mixin) Selecting config fabric-dimensions-v1.mixins.json
[16:01:18] [main/DEBUG] (FabricLoader/Mixin) Selecting config fabric-events-interaction-v0.mixins.json
[16:01:18] [main/DEBUG] (FabricLoader/Mixin) Selecting config fabric-events-interaction-v0.client.mixins.json
[16:01:18] [main/DEBUG] (FabricLoader/Mixin) Selecting config fabric-rendering-fluids-v1.mixins.json
[16:01:18] [main/DEBUG] (FabricLoader/Mixin) Selecting config fabric-gametest-api-v1.mixins.json
[16:01:18] [main/DEBUG] (FabricLoader/Mixin) Selecting config fabric-resource-conditions-api-v1.mixins.json
[16:01:18] [main/DEBUG] (FabricLoader/Mixin) Selecting config fabric-screen-api-v1.mixins.json
[16:01:18] [main/DEBUG] (FabricLoader/Mixin) Selecting config fabric-rendering-v1.mixins.json
[16:01:18] [main/DEBUG] (FabricLoader/Mixin) Selecting config fabric-command-api-v2.mixins.json
[16:01:18] [main/DEBUG] (FabricLoader/Mixin) Selecting config fabric-command-api-v2.client.mixins.json
[16:01:18] [main/DEBUG] (FabricLoader/Mixin) Selecting config fabric-crash-report-info-v1.mixins.json
[16:01:18] [main/DEBUG] (FabricLoader/Mixin) Selecting config fabric-data-generation-api-v1.mixins.json
[16:01:18] [main/DEBUG] (FabricLoader/Mixin) Selecting config fabric-data-generation-api-v1.client.mixins.json
[16:01:18] [main/DEBUG] (FabricLoader/Mixin) Selecting config fabric-loot-api-v3.mixins.json
[16:01:18] [main/DEBUG] (FabricLoader/Mixin) Selecting config fabric-game-rule-api-v1.mixins.json
[16:01:18] [main/DEBUG] (FabricLoader/Mixin) Selecting config fabric-game-rule-api-v1.client.mixins.json
[16:01:18] [main/DEBUG] (FabricLoader/Mixin) Selecting config fabric-api-lookup-api-v1.mixins.json
[16:01:18] [main/DEBUG] (FabricLoader/Mixin) Selecting config fabric-biome-api-v1.mixins.json
[16:01:18] [main/DEBUG] (FabricLoader/Mixin) Selecting config fabric-convention-tags-api-v2.mixins.json
[16:01:18] [main/DEBUG] (FabricLoader/Mixin) Selecting config fabric-sound-api-v1.mixins.json
[16:01:18] [main/DEBUG] (FabricLoader/Mixin) Selecting config fabric-resource-loader-v1.mixins.json
[16:01:18] [main/DEBUG] (FabricLoader/Mixin) Selecting config fabric-resource-loader-v1.client.mixins.json
[16:01:18] [main/DEBUG] (FabricLoader/Mixin) Selecting config fabric-message-api-v1.mixins.json
[16:01:18] [main/DEBUG] (FabricLoader/Mixin) Selecting config fabric-message-api-v1.client.mixins.json
[16:01:18] [main/DEBUG] (FabricLoader/Mixin) Selecting config fabric-entity-events-v1.mixins.json
[16:01:18] [main/DEBUG] (FabricLoader/Mixin) Selecting config fabric-creative-tab-api-v1.mixins.json
[16:01:18] [main/DEBUG] (FabricLoader/Mixin) Selecting config fabric-creative-tab-api-v1.client.mixins.json
[16:01:18] [main/DEBUG] (FabricLoader/Mixin) Selecting config fabric-networking-api-v1.mixins.json
[16:01:18] [main/DEBUG] (FabricLoader/Mixin) Selecting config fabric-networking-api-v1.client.mixins.json
[16:01:18] [main/DEBUG] (FabricLoader/Mixin) Selecting config fabric-renderer-api-v1.mixins.json
[16:01:18] [main/DEBUG] (FabricLoader/Mixin) Selecting config fabric-item-api-v1.mixins.json
[16:01:18] [main/DEBUG] (FabricLoader/Mixin) Selecting config fabric-item-api-v1.client.mixins.json
[16:01:18] [main/DEBUG] (FabricLoader/Mixin) Selecting config fabric-block-getter-api-v2.mixins.json
[16:01:18] [main/DEBUG] (FabricLoader/Mixin) Selecting config fabric-block-getter-api-v2.client.mixins.json
[16:01:18] [main/DEBUG] (FabricLoader/Mixin) Selecting config fabric-content-registries-v0.mixins.json
[16:01:18] [main/DEBUG] (FabricLoader/Mixin) Selecting config fabric-content-registries-v0.client.mixins.json
[16:01:18] [main/DEBUG] (FabricLoader/Mixin) Selecting config fabric-serialization-api-v1.mixins.json
[16:01:18] [main/DEBUG] (FabricLoader/Mixin) Selecting config fabric-key-mapping-api-v1.mixins.json
[16:01:18] [main/DEBUG] (FabricLoader/Mixin) Preparing fabric-permission-api-v1.mixins.json (2)
[16:01:18] [main/DEBUG] (FabricLoader/Mixin) Preparing fabric-menu-api-v1.mixins.json (2)
[16:01:18] [main/DEBUG] (FabricLoader/Mixin) Preparing mixinextras.init.mixins.json (0)
[16:01:18] [main/DEBUG] (FabricLoader/Mixin) Preparing fabric-model-loading-api-v1.mixins.json (6)
[16:01:18] [main/DEBUG] (FabricLoader/Mixin) Preparing fabric-particles-v1.mixins.json (8)
[16:01:18] [main/DEBUG] (FabricLoader/Mixin) Preparing fabric-particles-v1.client.mixins.json (4)
[16:01:18] [main/DEBUG] (FabricLoader/Mixin) Preparing fabric-lifecycle-events-v1.mixins.json (16)
[16:01:18] [main/DEBUG] (FabricLoader/Mixin) Preparing fabric-lifecycle-events-v1.client.mixins.json (7)
[16:01:18] [main/DEBUG] (FabricLoader/Mixin) Preparing fabric-recipe-api-v1.mixins.json (8)
[16:01:18] [main/DEBUG] (FabricLoader/Mixin) Preparing fabric-recipe-api-v1.client.mixins.json (3)
[16:01:18] [main/DEBUG] (FabricLoader/Mixin) Preparing fabric-client-gametest-api-v1.mixins.json (25)
[16:01:18] [main/DEBUG] (FabricLoader/Mixin) Preparing fabric-block-api-v1.mixins.json (6)
[16:01:18] [main/DEBUG] (FabricLoader/Mixin) Preparing fabric-tag-api-v1.mixins.json (8)
[16:01:18] [main/DEBUG] (FabricLoader/Mixin) Preparing fabric-transfer-api-v1.mixins.json (18)
[16:01:18] [main/DEBUG] (FabricLoader/Mixin) Preparing fabric-renderer-indigo.mixins.json (2)
[16:01:18] [main/DEBUG] (FabricLoader/Mixin) Preparing fabric-data-attachment-api-v1.mixins.json (18)
[16:01:18] [main/DEBUG] (FabricLoader/Mixin) Preparing fabric-data-attachment-api-v1.client.mixins.json (2)
[16:01:18] [main/DEBUG] (FabricLoader/Mixin) Preparing fabric-debug-api-v1.mixins.json (2)
[16:01:18] [main/DEBUG] (FabricLoader/Mixin) Preparing fabric-debug-api-v1.client.mixins.json (2)
[16:01:18] [main/DEBUG] (FabricLoader/Mixin) Preparing fabric-registry-sync-v0.mixins.json (16)
[16:01:18] [main/DEBUG] (FabricLoader/Mixin) Preparing fabric-registry-sync-v0.client.mixins.json (4)
[16:01:18] [main/DEBUG] (FabricLoader/Mixin) Preparing fabric-object-builder-v1.mixins.json (12)
[16:01:18] [main/DEBUG] (FabricLoader/Mixin) Preparing fabric-object-builder-v1.client.mixins.json (2)
[16:01:18] [main/DEBUG] (FabricLoader/Mixin) Preparing fabric-dimensions-v1.mixins.json (7)
[16:01:18] [main/DEBUG] (FabricLoader/Mixin) Preparing fabric-events-interaction-v0.mixins.json (8)
[16:01:18] [main/DEBUG] (FabricLoader/Mixin) Preparing fabric-events-interaction-v0.client.mixins.json (4)
[16:01:18] [main/DEBUG] (FabricLoader/Mixin) Preparing fabric-rendering-fluids-v1.mixins.json (2)
[16:01:18] [main/DEBUG] (FabricLoader/Mixin) Preparing fabric-gametest-api-v1.mixins.json (4)
[16:01:18] [main/DEBUG] (FabricLoader/Mixin) Preparing fabric-resource-conditions-api-v1.mixins.json (8)
[16:01:18] [main/DEBUG] (FabricLoader/Mixin) Preparing fabric-screen-api-v1.mixins.json (7)
[16:01:18] [main/DEBUG] (FabricLoader/Mixin) Preparing fabric-rendering-v1.mixins.json (56)
[16:01:18] [main/DEBUG] (FabricLoader/Mixin) Preparing fabric-command-api-v2.mixins.json (5)
[16:01:18] [main/DEBUG] (FabricLoader/Mixin) Preparing fabric-command-api-v2.client.mixins.json (3)
[16:01:18] [main/DEBUG] (FabricLoader/Mixin) Preparing fabric-crash-report-info-v1.mixins.json (2)
[16:01:18] [main/DEBUG] (FabricLoader/Mixin) Preparing fabric-data-generation-api-v1.mixins.json (20)
[16:01:18] [main/DEBUG] (FabricLoader/Mixin) Preparing fabric-data-generation-api-v1.client.mixins.json (4)
[16:01:18] [main/DEBUG] (FabricLoader/Mixin) Preparing fabric-loot-api-v3.mixins.json (8)
[16:01:18] [main/DEBUG] (FabricLoader/Mixin) Preparing fabric-game-rule-api-v1.mixins.json (5)
[16:01:18] [main/DEBUG] (FabricLoader/Mixin) Preparing fabric-game-rule-api-v1.client.mixins.json (3)
[16:01:18] [main/DEBUG] (FabricLoader/Mixin) Preparing fabric-api-lookup-api-v1.mixins.json (2)
[16:01:18] [main/DEBUG] (FabricLoader/Mixin) Preparing fabric-biome-api-v1.mixins.json (9)
[16:01:18] [main/DEBUG] (FabricLoader/Mixin) Preparing fabric-convention-tags-api-v2.mixins.json (1)
[16:01:18] [main/DEBUG] (FabricLoader/Mixin) Preparing fabric-sound-api-v1.mixins.json (2)
[16:01:18] [main/DEBUG] (FabricLoader/Mixin) Preparing fabric-resource-loader-v1.mixins.json (15)
[16:01:19] [main/DEBUG] (FabricLoader/Mixin) Preparing fabric-resource-loader-v1.client.mixins.json (9)
[16:01:19] [main/DEBUG] (FabricLoader/Mixin) Preparing fabric-message-api-v1.mixins.json (2)
[16:01:19] [main/DEBUG] (FabricLoader/Mixin) Preparing fabric-message-api-v1.client.mixins.json (2)
[16:01:19] [main/DEBUG] (FabricLoader/Mixin) Preparing fabric-entity-events-v1.mixins.json (13)
[16:01:19] [main/DEBUG] (FabricLoader/Mixin) Preparing fabric-creative-tab-api-v1.mixins.json (3)
[16:01:19] [main/DEBUG] (FabricLoader/Mixin) Preparing fabric-creative-tab-api-v1.client.mixins.json (1)
[16:01:19] [main/DEBUG] (FabricLoader/Mixin) Preparing fabric-networking-api-v1.mixins.json (28)
[16:01:19] [main/DEBUG] (FabricLoader/Mixin) Preparing fabric-networking-api-v1.client.mixins.json (10)
[16:01:19] [main/DEBUG] (FabricLoader/Mixin) Preparing fabric-renderer-api-v1.mixins.json (28)
[16:01:19] [main/DEBUG] (FabricLoader/Mixin) Preparing fabric-item-api-v1.mixins.json (18)
[16:01:19] [main/DEBUG] (FabricLoader/Mixin) Preparing fabric-item-api-v1.client.mixins.json (3)
[16:01:19] [main/DEBUG] (FabricLoader/Mixin) Preparing fabric-block-getter-api-v2.mixins.json (3)
[16:01:19] [main/DEBUG] (FabricLoader/Mixin) Preparing fabric-block-getter-api-v2.client.mixins.json (3)
[16:01:19] [main/DEBUG] (FabricLoader/Mixin) Preparing fabric-content-registries-v0.mixins.json (26)
[16:01:19] [main/DEBUG] (FabricLoader/Mixin) Preparing fabric-content-registries-v0.client.mixins.json (2)
[16:01:19] [main/DEBUG] (FabricLoader/Mixin) Preparing fabric-serialization-api-v1.mixins.json (4)
[16:01:19] [main/DEBUG] (FabricLoader/Mixin) Preparing fabric-key-mapping-api-v1.mixins.json (3)
[16:01:19] [main/DEBUG] (FabricLoader/Mixin) Inner class net/fabricmc/fabric/mixin/transfer/ChiseledBookShelfBlockEntityMixin$1 in net/fabricmc/fabric/mixin/transfer/ChiseledBookShelfBlockEntityMixin on net/minecraft/world/level/block/entity/ChiseledBookShelfBlockEntity gets unique name net/minecraft/world/level/block/entity/ChiseledBookShelfBlockEntity$Anonymous$6b8fabc9a3dd3f94be74f1199f97fdb5
[16:01:19] [main/DEBUG] (FabricLoader/Mixin) Inner class net/fabricmc/fabric/mixin/registry/sync/MappedRegistryMixin$1 in net/fabricmc/fabric/mixin/registry/sync/MappedRegistryMixin on net/minecraft/core/MappedRegistry gets unique name net/minecraft/core/MappedRegistry$Anonymous$0a3f9fa0a200368cad403406b73f8d7f
[16:01:19] [main/DEBUG] (FabricLoader/Mixin) Inner class net/fabricmc/fabric/mixin/gametest/StructureTemplateManagerMixin$1 in net/fabricmc/fabric/mixin/gametest/StructureTemplateManagerMixin on net/minecraft/world/level/levelgen/structure/templatesystem/StructureTemplateManager gets unique name net/minecraft/world/level/levelgen/structure/templatesystem/StructureTemplateManager$Anonymous$2385a326ce863bc0bf2a11ea898a45b4
[16:01:19] [main/DEBUG] (FabricLoader/Mixin) Inner class net/fabricmc/fabric/mixin/creativetab/CreativeModeTabsMixin$1CreativeModeTabPosition in net/fabricmc/fabric/mixin/creativetab/CreativeModeTabsMixin on net/minecraft/world/item/CreativeModeTabs gets unique name net/minecraft/world/item/CreativeModeTabs$1CreativeModeTabPosition$0e98f82501ab3a9692342fe737dd0eec
[16:01:19] [main/DEBUG] (FabricLoader/Mixin) Inner class net/fabricmc/fabric/mixin/client/renderer/block/model/MultiPartModelMixin$1Key in net/fabricmc/fabric/mixin/client/renderer/block/model/MultiPartModelMixin on net/minecraft/client/renderer/block/dispatch/multipart/MultiPartModel gets unique name net/minecraft/client/renderer/block/dispatch/multipart/MultiPartModel$1Key$d4e3290e0bec3848952b79305a2bdde0
[16:01:19] [main/DEBUG] (FabricLoader/Mixin) Inner class net/fabricmc/fabric/mixin/client/renderer/block/render/MovingBlockFeatureRendererMixin$1 in net/fabricmc/fabric/mixin/client/renderer/block/render/MovingBlockFeatureRendererMixin on net/minecraft/client/renderer/feature/MovingBlockFeatureRenderer gets unique name net/minecraft/client/renderer/feature/MovingBlockFeatureRenderer$Anonymous$f26b90aaddd338f3a91348764399f40b
[16:01:19] [main/DEBUG] (FabricLoader/Mixin) Prepared 474 mixins in 0.689 sec (1.5ms avg) (0ms load, 0ms transform, 0ms plugin)
[16:01:19] [main/DEBUG] (io.netty.util.internal.logging.InternalLoggerFactory) Using SLF4J as the default logging framework
[16:01:19] [main/DEBUG] (io.netty.util.ResourceLeakDetector) -Dio.netty.leakDetection.level: simple
[16:01:19] [main/DEBUG] (io.netty.util.ResourceLeakDetector) -Dio.netty.leakDetection.targetRecords: 4
[16:01:19] [main/DEBUG] (com.mojang.blaze3d.platform.NativeLibrariesBootstrap) Loading LWJGL system
[16:01:19] [main/DEBUG] (com.mojang.blaze3d.platform.NativeLibrariesBootstrap) Loading OpenAL
[16:01:19] [main/DEBUG] (com.mojang.blaze3d.platform.NativeLibrariesBootstrap) Loading freetype
[16:01:19] [main/DEBUG] (com.mojang.blaze3d.platform.NativeLibrariesBootstrap) Loading GLFW
[16:01:19] [main/DEBUG] (com.mojang.blaze3d.platform.NativeLibrariesBootstrap) Loading shaderc
[16:01:19] [main/DEBUG] (com.mojang.blaze3d.platform.NativeLibrariesBootstrap) Loading vma
[16:01:19] [main/DEBUG] (com.mojang.blaze3d.platform.NativeLibrariesBootstrap) Loading STB
[16:01:19] [main/DEBUG] (com.mojang.blaze3d.platform.NativeLibrariesBootstrap) Loading OpenGL
[16:01:19] [main/INFO] (FabricLoader/MixinExtras|Service) Initializing MixinExtras via com.llamalad7.mixinextras.service.MixinExtrasServiceImpl(version=0.5.4).
[16:01:19] [main/DEBUG] (FabricLoader/Mixin) Registering new injector for @SugarWrapper with com.llamalad7.mixinextras.sugar.impl.SugarWrapperInjectionInfo
[16:01:19] [main/DEBUG] (FabricLoader/Mixin) Registering new injector for @FactoryRedirectWrapper with com.llamalad7.mixinextras.wrapper.factory.FactoryRedirectWrapperInjectionInfo
[16:01:19] [main/DEBUG] (FabricLoader/Mixin) Registering new injector for @ExpressionInjectorWrapper with com.llamalad7.mixinextras.expression.impl.wrapper.ExpressionInjectorWrapperInjectionInfo
[16:01:19] [main/DEBUG] (FabricLoader/Mixin) Mixing SystemReportMixin from fabric-crash-report-info-v1.mixins.json into net.minecraft.SystemReport
[16:01:19] [main/DEBUG] (FabricLoader/Mixin) Renaming synthetic method lambda$appendMods$0(Lnet/fabricmc/loader/api/ModContainer;)Ljava/lang/String; to md643936$fabric-crash-report-info-v1$lambda$appendMods$0$0 in fabric-crash-report-info-v1.mixins.json:SystemReportMixin from mod fabric-crash-report-info-v1
[16:01:19] [main/DEBUG] (FabricLoader/Mixin) Renaming synthetic method lambda$fillSystemDetails$0()Ljava/lang/Object; to md643936$fabric-crash-report-info-v1$lambda$fillSystemDetails$0$1 in fabric-crash-report-info-v1.mixins.json:SystemReportMixin from mod fabric-crash-report-info-v1
[16:01:19] [main/DEBUG] (FabricLoader/Mixin) fabric-crash-report-info-v1.mixins.json:SystemReportMixin from mod fabric-crash-report-info-v1->@Inject::fillSystemDetails(Lorg/spongepowered/asm/mixin/injection/callback/CallbackInfo;)V doesn't use it's CallbackInfo
[16:01:19] [main/DEBUG] (FabricLoader/Mixin) fabric-crash-report-info-v1.mixins.json:SystemReportMixin from mod fabric-crash-report-info-v1->@Inject::fillSystemDetails(Lorg/spongepowered/asm/mixin/injection/callback/CallbackInfo;)V has 0 override(s) in child classes
[16:01:19] [main/DEBUG] (FabricLoader/Mixin) fabric-crash-report-info-v1.mixins.json:SystemReportMixin from mod fabric-crash-report-info-v1->@Inject::fillSystemDetails(Lorg/spongepowered/asm/mixin/injection/callback/CallbackInfo;)V won't be passed a CallbackInfo as a result
[16:01:19] [main/WARN] (oshi.software.os.linux.LinuxOperatingSystem) Did not find udev library in operating system. Some features may not work.
[16:01:19] [main/DEBUG] (oshi.util.FileUtil) Reading file /proc/self/auxv
[16:01:19] [main/DEBUG] (oshi.util.FileUtil) Reading file /proc/self/auxv
[16:01:19] [main/DEBUG] (oshi.util.FileUtil) Reading file /proc/stat
[16:01:19] [main/DEBUG] (oshi.util.FileUtil) Reading file /sys/devices/system/cpu/cpu11/uevent
[16:01:19] [main/DEBUG] (oshi.util.FileUtil) Reading file /sys/devices/system/cpu/cpu11/uevent
[16:01:19] [main/DEBUG] (oshi.util.FileUtil) Reading file /sys/devices/system/cpu/cpu11/topology/core_id
[16:01:19] [main/DEBUG] (oshi.util.FileUtil) Reading file /sys/devices/system/cpu/cpu11/topology/core_id
[16:01:19] [main/DEBUG] (oshi.util.FileUtil) Reading file /sys/devices/system/cpu/cpu11/topology/physical_package_id
[16:01:19] [main/DEBUG] (oshi.util.FileUtil) Reading file /sys/devices/system/cpu/cpu11/topology/physical_package_id
[16:01:19] [main/DEBUG] (oshi.util.FileUtil) Reading file /sys/devices/system/cpu/cpu11/cpu_capacity
[16:01:19] [main/DEBUG] (oshi.util.FileUtil) Reading file /sys/devices/system/cpu/cpu11/cpu_capacity
[16:01:19] [main/DEBUG] (oshi.util.FileUtil) Reading file /sys/devices/system/cpu/cpu11/cache/index2/level
[16:01:19] [main/DEBUG] (oshi.util.FileUtil) Reading file /sys/devices/system/cpu/cpu11/cache/index2/level
[16:01:19] [main/DEBUG] (oshi.util.FileUtil) Reading file /sys/devices/system/cpu/cpu11/cache/index2/type
[16:01:19] [main/DEBUG] (oshi.util.FileUtil) Reading file /sys/devices/system/cpu/cpu11/cache/index2/type
[16:01:19] [main/DEBUG] (oshi.util.FileUtil) Reading file /sys/devices/system/cpu/cpu11/cache/index2/ways_of_associativity
[16:01:19] [main/DEBUG] (oshi.util.FileUtil) Reading file /sys/devices/system/cpu/cpu11/cache/index2/ways_of_associativity
[16:01:19] [main/DEBUG] (oshi.util.FileUtil) Reading file /sys/devices/system/cpu/cpu11/cache/index2/coherency_line_size
[16:01:19] [main/DEBUG] (oshi.util.FileUtil) Reading file /sys/devices/system/cpu/cpu11/cache/index2/coherency_line_size
[16:01:19] [main/DEBUG] (oshi.util.FileUtil) Reading file /sys/devices/system/cpu/cpu11/cache/index2/size
[16:01:19] [main/DEBUG] (oshi.util.FileUtil) Reading file /sys/devices/system/cpu/cpu11/cache/index2/size
[16:01:19] [main/DEBUG] (oshi.util.FileUtil) Reading file /sys/devices/system/cpu/cpu11/cache/index0/level
[16:01:19] [main/DEBUG] (oshi.util.FileUtil) Reading file /sys/devices/system/cpu/cpu11/cache/index0/level
[16:01:19] [main/DEBUG] (oshi.util.FileUtil) Reading file /sys/devices/system/cpu/cpu11/cache/index0/type
[16:01:19] [main/DEBUG] (oshi.util.FileUtil) Reading file /sys/devices/system/cpu/cpu11/cache/index0/type
[16:01:19] [main/DEBUG] (oshi.util.FileUtil) Reading file /sys/devices/system/cpu/cpu11/cache/index0/ways_of_associativity
[16:01:19] [main/DEBUG] (oshi.util.FileUtil) Reading file /sys/devices/system/cpu/cpu11/cache/index0/ways_of_associativity
[16:01:19] [main/DEBUG] (oshi.util.FileUtil) Reading file /sys/devices/system/cpu/cpu11/cache/index0/coherency_line_size
[16:01:19] [main/DEBUG] (oshi.util.FileUtil) Reading file /sys/devices/system/cpu/cpu11/cache/index0/coherency_line_size
[16:01:19] [main/DEBUG] (oshi.util.FileUtil) Reading file /sys/devices/system/cpu/cpu11/cache/index0/size
[16:01:19] [main/DEBUG] (oshi.util.FileUtil) Reading file /sys/devices/system/cpu/cpu11/cache/index0/size
[16:01:19] [main/DEBUG] (oshi.util.FileUtil) Reading file /sys/devices/system/cpu/cpu11/cache/index3/level
[16:01:19] [main/DEBUG] (oshi.util.FileUtil) Reading file /sys/devices/system/cpu/cpu11/cache/index3/level
[16:01:19] [main/DEBUG] (oshi.util.FileUtil) Reading file /sys/devices/system/cpu/cpu11/cache/index3/type
[16:01:19] [main/DEBUG] (oshi.util.FileUtil) Reading file /sys/devices/system/cpu/cpu11/cache/index3/type
[16:01:19] [main/DEBUG] (oshi.util.FileUtil) Reading file /sys/devices/system/cpu/cpu11/cache/index3/ways_of_associativity
[16:01:19] [main/DEBUG] (oshi.util.FileUtil) Reading file /sys/devices/system/cpu/cpu11/cache/index3/ways_of_associativity
[16:01:19] [main/DEBUG] (oshi.util.FileUtil) Reading file /sys/devices/system/cpu/cpu11/cache/index3/coherency_line_size
[16:01:19] [main/DEBUG] (oshi.util.FileUtil) Reading file /sys/devices/system/cpu/cpu11/cache/index3/coherency_line_size
[16:01:19] [main/DEBUG] (oshi.util.FileUtil) Reading file /sys/devices/system/cpu/cpu11/cache/index3/size
[16:01:19] [main/DEBUG] (oshi.util.FileUtil) Reading file /sys/devices/system/cpu/cpu11/cache/index3/size
[16:01:19] [main/DEBUG] (oshi.util.FileUtil) Reading file /sys/devices/system/cpu/cpu11/cache/index1/level
[16:01:19] [main/DEBUG] (oshi.util.FileUtil) Reading file /sys/devices/system/cpu/cpu11/cache/index1/level
[16:01:19] [main/DEBUG] (oshi.util.FileUtil) Reading file /sys/devices/system/cpu/cpu11/cache/index1/type
[16:01:19] [main/DEBUG] (oshi.util.FileUtil) Reading file /sys/devices/system/cpu/cpu11/cache/index1/type
[16:01:19] [main/DEBUG] (oshi.util.FileUtil) Reading file /sys/devices/system/cpu/cpu11/cache/index1/ways_of_associativity
[16:01:19] [main/DEBUG] (oshi.util.FileUtil) Reading file /sys/devices/system/cpu/cpu11/cache/index1/ways_of_associativity
[16:01:19] [main/DEBUG] (oshi.util.FileUtil) Reading file /sys/devices/system/cpu/cpu11/cache/index1/coherency_line_size
[16:01:19] [main/DEBUG] (oshi.util.FileUtil) Reading file /sys/devices/system/cpu/cpu11/cache/index1/coherency_line_size
[16:01:19] [main/DEBUG] (oshi.util.FileUtil) Reading file /sys/devices/system/cpu/cpu11/cache/index1/size
[16:01:19] [main/DEBUG] (oshi.util.FileUtil) Reading file /sys/devices/system/cpu/cpu11/cache/index1/size
[16:01:19] [main/DEBUG] (oshi.util.FileUtil) Reading file /sys/devices/system/cpu/cpu9/uevent
[16:01:19] [main/DEBUG] (oshi.util.FileUtil) Reading file /sys/devices/system/cpu/cpu9/uevent
[16:01:19] [main/DEBUG] (oshi.util.FileUtil) Reading file /sys/devices/system/cpu/cpu9/topology/core_id
[16:01:19] [main/DEBUG] (oshi.util.FileUtil) Reading file /sys/devices/system/cpu/cpu9/topology/core_id
[16:01:19] [main/DEBUG] (oshi.util.FileUtil) Reading file /sys/devices/system/cpu/cpu9/topology/physical_package_id
[16:01:19] [main/DEBUG] (oshi.util.FileUtil) Reading file /sys/devices/system/cpu/cpu9/topology/physical_package_id
[16:01:19] [main/DEBUG] (oshi.util.FileUtil) Reading file /sys/devices/system/cpu/cpu9/cpu_capacity
[16:01:19] [main/DEBUG] (oshi.util.FileUtil) Reading file /sys/devices/system/cpu/cpu9/cpu_capacity
[16:01:19] [main/DEBUG] (oshi.util.FileUtil) Reading file /sys/devices/system/cpu/cpu9/cache/index2/level
[16:01:19] [main/DEBUG] (oshi.util.FileUtil) Reading file /sys/devices/system/cpu/cpu9/cache/index2/level
[16:01:19] [main/DEBUG] (oshi.util.FileUtil) Reading file /sys/devices/system/cpu/cpu9/cache/index2/type
[16:01:19] [main/DEBUG] (oshi.util.FileUtil) Reading file /sys/devices/system/cpu/cpu9/cache/index2/type
[16:01:19] [main/DEBUG] (oshi.util.FileUtil) Reading file /sys/devices/system/cpu/cpu9/cache/index2/ways_of_associativity
[16:01:19] [main/DEBUG] (oshi.util.FileUtil) Reading file /sys/devices/system/cpu/cpu9/cache/index2/ways_of_associativity
[16:01:19] [main/DEBUG] (oshi.util.FileUtil) Reading file /sys/devices/system/cpu/cpu9/cache/index2/coherency_line_size
[16:01:19] [main/DEBUG] (oshi.util.FileUtil) Reading file /sys/devices/system/cpu/cpu9/cache/index2/coherency_line_size
[16:01:19] [main/DEBUG] (oshi.util.FileUtil) Reading file /sys/devices/system/cpu/cpu9/cache/index2/size
[16:01:19] [main/DEBUG] (oshi.util.FileUtil) Reading file /sys/devices/system/cpu/cpu9/cache/index2/size
[16:01:19] [main/DEBUG] (oshi.util.FileUtil) Reading file /sys/devices/system/cpu/cpu9/cache/index0/level
[16:01:19] [main/DEBUG] (oshi.util.FileUtil) Reading file /sys/devices/system/cpu/cpu9/cache/index0/level
[16:01:19] [main/DEBUG] (oshi.util.FileUtil) Reading file /sys/devices/system/cpu/cpu9/cache/index0/type
[16:01:19] [main/DEBUG] (oshi.util.FileUtil) Reading file /sys/devices/system/cpu/cpu9/cache/index0/type
[16:01:19] [main/DEBUG] (oshi.util.FileUtil) Reading file /sys/devices/system/cpu/cpu9/cache/index0/ways_of_associativity
[16:01:19] [main/DEBUG] (oshi.util.FileUtil) Reading file /sys/devices/system/cpu/cpu9/cache/index0/ways_of_associativity
[16:01:19] [main/DEBUG] (oshi.util.FileUtil) Reading file /sys/devices/system/cpu/cpu9/cache/index0/coherency_line_size
[16:01:19] [main/DEBUG] (oshi.util.FileUtil) Reading file /sys/devices/system/cpu/cpu9/cache/index0/coherency_line_size
[16:01:19] [main/DEBUG] (oshi.util.FileUtil) Reading file /sys/devices/system/cpu/cpu9/cache/index0/size
[16:01:19] [main/DEBUG] (oshi.util.FileUtil) Reading file /sys/devices/system/cpu/cpu9/cache/index0/size
[16:01:19] [main/DEBUG] (oshi.util.FileUtil) Reading file /sys/devices/system/cpu/cpu9/cache/index3/level
[16:01:19] [main/DEBUG] (oshi.util.FileUtil) Reading file /sys/devices/system/cpu/cpu9/cache/index3/level
[16:01:19] [main/DEBUG] (oshi.util.FileUtil) Reading file /sys/devices/system/cpu/cpu9/cache/index3/type
[16:01:19] [main/DEBUG] (oshi.util.FileUtil) Reading file /sys/devices/system/cpu/cpu9/cache/index3/type
[16:01:19] [main/DEBUG] (oshi.util.FileUtil) Reading file /sys/devices/system/cpu/cpu9/cache/index3/ways_of_associativity
[16:01:19] [main/DEBUG] (oshi.util.FileUtil) Reading file /sys/devices/system/cpu/cpu9/cache/index3/ways_of_associativity
[16:01:19] [main/DEBUG] (oshi.util.FileUtil) Reading file /sys/devices/system/cpu/cpu9/cache/index3/coherency_line_size
[16:01:19] [main/DEBUG] (oshi.util.FileUtil) Reading file /sys/devices/system/cpu/cpu9/cache/index3/coherency_line_size
[16:01:19] [main/DEBUG] (oshi.util.FileUtil) Reading file /sys/devices/system/cpu/cpu9/cache/index3/size
[16:01:19] [main/DEBUG] (oshi.util.FileUtil) Reading file /sys/devices/system/cpu/cpu9/cache/index3/size
[16:01:19] [main/DEBUG] (oshi.util.FileUtil) Reading file /sys/devices/system/cpu/cpu9/cache/index1/level
[16:01:19] [main/DEBUG] (oshi.util.FileUtil) Reading file /sys/devices/system/cpu/cpu9/cache/index1/level
[16:01:19] [main/DEBUG] (oshi.util.FileUtil) Reading file /sys/devices/system/cpu/cpu9/cache/index1/type
[16:01:19] [main/DEBUG] (oshi.util.FileUtil) Reading file /sys/devices/system/cpu/cpu9/cache/index1/type
[16:01:19] [main/DEBUG] (oshi.util.FileUtil) Reading file /sys/devices/system/cpu/cpu9/cache/index1/ways_of_associativity
[16:01:19] [main/DEBUG] (oshi.util.FileUtil) Reading file /sys/devices/system/cpu/cpu9/cache/index1/ways_of_associativity
[16:01:19] [main/DEBUG] (oshi.util.FileUtil) Reading file /sys/devices/system/cpu/cpu9/cache/index1/coherency_line_size
[16:01:19] [main/DEBUG] (oshi.util.FileUtil) Reading file /sys/devices/system/cpu/cpu9/cache/index1/coherency_line_size
[16:01:19] [main/DEBUG] (oshi.util.FileUtil) Reading file /sys/devices/system/cpu/cpu9/cache/index1/size
[16:01:19] [main/DEBUG] (oshi.util.FileUtil) Reading file /sys/devices/system/cpu/cpu9/cache/index1/size
[16:01:19] [main/DEBUG] (oshi.util.FileUtil) Reading file /sys/devices/system/cpu/cpu7/uevent
[16:01:19] [main/DEBUG] (oshi.util.FileUtil) Reading file /sys/devices/system/cpu/cpu7/uevent
[16:01:19] [main/DEBUG] (oshi.util.FileUtil) Reading file /sys/devices/system/cpu/cpu7/topology/core_id
[16:01:19] [main/DEBUG] (oshi.util.FileUtil) Reading file /sys/devices/system/cpu/cpu7/topology/core_id
[16:01:19] [main/DEBUG] (oshi.util.FileUtil) Reading file /sys/devices/system/cpu/cpu7/topology/physical_package_id
[16:01:19] [main/DEBUG] (oshi.util.FileUtil) Reading file /sys/devices/system/cpu/cpu7/topology/physical_package_id
[16:01:19] [main/DEBUG] (oshi.util.FileUtil) Reading file /sys/devices/system/cpu/cpu7/cpu_capacity
[16:01:19] [main/DEBUG] (oshi.util.FileUtil) Reading file /sys/devices/system/cpu/cpu7/cpu_capacity
[16:01:19] [main/DEBUG] (oshi.util.FileUtil) Reading file /sys/devices/system/cpu/cpu7/cache/index2/level
[16:01:19] [main/DEBUG] (oshi.util.FileUtil) Reading file /sys/devices/system/cpu/cpu7/cache/index2/level
[16:01:19] [main/DEBUG] (oshi.util.FileUtil) Reading file /sys/devices/system/cpu/cpu7/cache/index2/type
[16:01:19] [main/DEBUG] (oshi.util.FileUtil) Reading file /sys/devices/system/cpu/cpu7/cache/index2/type
[16:01:19] [main/DEBUG] (oshi.util.FileUtil) Reading file /sys/devices/system/cpu/cpu7/cache/index2/ways_of_associativity
[16:01:19] [main/DEBUG] (oshi.util.FileUtil) Reading file /sys/devices/system/cpu/cpu7/cache/index2/ways_of_associativity
[16:01:19] [main/DEBUG] (oshi.util.FileUtil) Reading file /sys/devices/system/cpu/cpu7/cache/index2/coherency_line_size
[16:01:19] [main/DEBUG] (oshi.util.FileUtil) Reading file /sys/devices/system/cpu/cpu7/cache/index2/coherency_line_size
[16:01:19] [main/DEBUG] (oshi.util.FileUtil) Reading file /sys/devices/system/cpu/cpu7/cache/index2/size
[16:01:19] [main/DEBUG] (oshi.util.FileUtil) Reading file /sys/devices/system/cpu/cpu7/cache/index2/size
[16:01:19] [main/DEBUG] (oshi.util.FileUtil) Reading file /sys/devices/system/cpu/cpu7/cache/index0/level
[16:01:19] [main/DEBUG] (oshi.util.FileUtil) Reading file /sys/devices/system/cpu/cpu7/cache/index0/level
[16:01:19] [main/DEBUG] (oshi.util.FileUtil) Reading file /sys/devices/system/cpu/cpu7/cache/index0/type
[16:01:19] [main/DEBUG] (oshi.util.FileUtil) Reading file /sys/devices/system/cpu/cpu7/cache/index0/type
[16:01:19] [main/DEBUG] (oshi.util.FileUtil) Reading file /sys/devices/system/cpu/cpu7/cache/index0/ways_of_associativity
[16:01:19] [main/DEBUG] (oshi.util.FileUtil) Reading file /sys/devices/system/cpu/cpu7/cache/index0/ways_of_associativity
[16:01:19] [main/DEBUG] (oshi.util.FileUtil) Reading file /sys/devices/system/cpu/cpu7/cache/index0/coherency_line_size
[16:01:19] [main/DEBUG] (oshi.util.FileUtil) Reading file /sys/devices/system/cpu/cpu7/cache/index0/coherency_line_size
[16:01:19] [main/DEBUG] (oshi.util.FileUtil) Reading file /sys/devices/system/cpu/cpu7/cache/index0/size
[16:01:19] [main/DEBUG] (oshi.util.FileUtil) Reading file /sys/devices/system/cpu/cpu7/cache/index0/size
[16:01:19] [main/DEBUG] (oshi.util.FileUtil) Reading file /sys/devices/system/cpu/cpu7/cache/index3/level
[16:01:19] [main/DEBUG] (oshi.util.FileUtil) Reading file /sys/devices/system/cpu/cpu7/cache/index3/level
[16:01:19] [main/DEBUG] (oshi.util.FileUtil) Reading file /sys/devices/system/cpu/cpu7/cache/index3/type
[16:01:19] [main/DEBUG] (oshi.util.FileUtil) Reading file /sys/devices/system/cpu/cpu7/cache/index3/type
[16:01:19] [main/DEBUG] (oshi.util.FileUtil) Reading file /sys/devices/system/cpu/cpu7/cache/index3/ways_of_associativity
[16:01:19] [main/DEBUG] (oshi.util.FileUtil) Reading file /sys/devices/system/cpu/cpu7/cache/index3/ways_of_associativity
[16:01:19] [main/DEBUG] (oshi.util.FileUtil) Reading file /sys/devices/system/cpu/cpu7/cache/index3/coherency_line_size
[16:01:19] [main/DEBUG] (oshi.util.FileUtil) Reading file /sys/devices/system/cpu/cpu7/cache/index3/coherency_line_size
[16:01:19] [main/DEBUG] (oshi.util.FileUtil) Reading file /sys/devices/system/cpu/cpu7/cache/index3/size
[16:01:19] [main/DEBUG] (oshi.util.FileUtil) Reading file /sys/devices/system/cpu/cpu7/cache/index3/size
[16:01:19] [main/DEBUG] (oshi.util.FileUtil) Reading file /sys/devices/system/cpu/cpu7/cache/index1/level
[16:01:19] [main/DEBUG] (oshi.util.FileUtil) Reading file /sys/devices/system/cpu/cpu7/cache/index1/level
[16:01:19] [main/DEBUG] (oshi.util.FileUtil) Reading file /sys/devices/system/cpu/cpu7/cache/index1/type
[16:01:19] [main/DEBUG] (oshi.util.FileUtil) Reading file /sys/devices/system/cpu/cpu7/cache/index1/type
[16:01:19] [main/DEBUG] (oshi.util.FileUtil) Reading file /sys/devices/system/cpu/cpu7/cache/index1/ways_of_associativity
[16:01:19] [main/DEBUG] (oshi.util.FileUtil) Reading file /sys/devices/system/cpu/cpu7/cache/index1/ways_of_associativity
[16:01:19] [main/DEBUG] (oshi.util.FileUtil) Reading file /sys/devices/system/cpu/cpu7/cache/index1/coherency_line_size
[16:01:19] [main/DEBUG] (oshi.util.FileUtil) Reading file /sys/devices/system/cpu/cpu7/cache/index1/coherency_line_size
[16:01:19] [main/DEBUG] (oshi.util.FileUtil) Reading file /sys/devices/system/cpu/cpu7/cache/index1/size
[16:01:19] [main/DEBUG] (oshi.util.FileUtil) Reading file /sys/devices/system/cpu/cpu7/cache/index1/size
[16:01:19] [main/DEBUG] (oshi.util.FileUtil) Reading file /sys/devices/system/cpu/cpu5/uevent
[16:01:19] [main/DEBUG] (oshi.util.FileUtil) Reading file /sys/devices/system/cpu/cpu5/uevent
[16:01:19] [main/DEBUG] (oshi.util.FileUtil) Reading file /sys/devices/system/cpu/cpu5/topology/core_id
[16:01:19] [main/DEBUG] (oshi.util.FileUtil) Reading file /sys/devices/system/cpu/cpu5/topology/core_id
[16:01:19] [main/DEBUG] (oshi.util.FileUtil) Reading file /sys/devices/system/cpu/cpu5/topology/physical_package_id
[16:01:19] [main/DEBUG] (oshi.util.FileUtil) Reading file /sys/devices/system/cpu/cpu5/topology/physical_package_id
[16:01:19] [main/DEBUG] (oshi.util.FileUtil) Reading file /sys/devices/system/cpu/cpu5/cpu_capacity
[16:01:19] [main/DEBUG] (oshi.util.FileUtil) Reading file /sys/devices/system/cpu/cpu5/cpu_capacity
[16:01:19] [main/DEBUG] (oshi.util.FileUtil) Reading file /sys/devices/system/cpu/cpu5/cache/index2/level
[16:01:19] [main/DEBUG] (oshi.util.FileUtil) Reading file /sys/devices/system/cpu/cpu5/cache/index2/level
[16:01:19] [main/DEBUG] (oshi.util.FileUtil) Reading file /sys/devices/system/cpu/cpu5/cache/index2/type
[16:01:19] [main/DEBUG] (oshi.util.FileUtil) Reading file /sys/devices/system/cpu/cpu5/cache/index2/type
[16:01:19] [main/DEBUG] (oshi.util.FileUtil) Reading file /sys/devices/system/cpu/cpu5/cache/index2/ways_of_associativity
[16:01:19] [main/DEBUG] (oshi.util.FileUtil) Reading file /sys/devices/system/cpu/cpu5/cache/index2/ways_of_associativity
[16:01:19] [main/DEBUG] (oshi.util.FileUtil) Reading file /sys/devices/system/cpu/cpu5/cache/index2/coherency_line_size
[16:01:19] [main/DEBUG] (oshi.util.FileUtil) Reading file /sys/devices/system/cpu/cpu5/cache/index2/coherency_line_size
[16:01:19] [main/DEBUG] (oshi.util.FileUtil) Reading file /sys/devices/system/cpu/cpu5/cache/index2/size
[16:01:19] [main/DEBUG] (oshi.util.FileUtil) Reading file /sys/devices/system/cpu/cpu5/cache/index2/size
[16:01:19] [main/DEBUG] (oshi.util.FileUtil) Reading file /sys/devices/system/cpu/cpu5/cache/index0/level
[16:01:19] [main/DEBUG] (oshi.util.FileUtil) Reading file /sys/devices/system/cpu/cpu5/cache/index0/level
[16:01:19] [main/DEBUG] (oshi.util.FileUtil) Reading file /sys/devices/system/cpu/cpu5/cache/index0/type
[16:01:19] [main/DEBUG] (oshi.util.FileUtil) Reading file /sys/devices/system/cpu/cpu5/cache/index0/type
[16:01:19] [main/DEBUG] (oshi.util.FileUtil) Reading file /sys/devices/system/cpu/cpu5/cache/index0/ways_of_associativity
[16:01:19] [main/DEBUG] (oshi.util.FileUtil) Reading file /sys/devices/system/cpu/cpu5/cache/index0/ways_of_associativity
[16:01:19] [main/DEBUG] (oshi.util.FileUtil) Reading file /sys/devices/system/cpu/cpu5/cache/index0/coherency_line_size
[16:01:19] [main/DEBUG] (oshi.util.FileUtil) Reading file /sys/devices/system/cpu/cpu5/cache/index0/coherency_line_size
[16:01:19] [main/DEBUG] (oshi.util.FileUtil) Reading file /sys/devices/system/cpu/cpu5/cache/index0/size
[16:01:19] [main/DEBUG] (oshi.util.FileUtil) Reading file /sys/devices/system/cpu/cpu5/cache/index0/size
[16:01:19] [main/DEBUG] (oshi.util.FileUtil) Reading file /sys/devices/system/cpu/cpu5/cache/index3/level
[16:01:19] [main/DEBUG] (oshi.util.FileUtil) Reading file /sys/devices/system/cpu/cpu5/cache/index3/level
[16:01:19] [main/DEBUG] (oshi.util.FileUtil) Reading file /sys/devices/system/cpu/cpu5/cache/index3/type
[16:01:19] [main/DEBUG] (oshi.util.FileUtil) Reading file /sys/devices/system/cpu/cpu5/cache/index3/type
[16:01:19] [main/DEBUG] (oshi.util.FileUtil) Reading file /sys/devices/system/cpu/cpu5/cache/index3/ways_of_associativity
[16:01:19] [main/DEBUG] (oshi.util.FileUtil) Reading file /sys/devices/system/cpu/cpu5/cache/index3/ways_of_associativity
[16:01:19] [main/DEBUG] (oshi.util.FileUtil) Reading file /sys/devices/system/cpu/cpu5/cache/index3/coherency_line_size
[16:01:19] [main/DEBUG] (oshi.util.FileUtil) Reading file /sys/devices/system/cpu/cpu5/cache/index3/coherency_line_size
[16:01:19] [main/DEBUG] (oshi.util.FileUtil) Reading file /sys/devices/system/cpu/cpu5/cache/index3/size
[16:01:19] [main/DEBUG] (oshi.util.FileUtil) Reading file /sys/devices/system/cpu/cpu5/cache/index3/size
[16:01:19] [main/DEBUG] (oshi.util.FileUtil) Reading file /sys/devices/system/cpu/cpu5/cache/index1/level
[16:01:19] [main/DEBUG] (oshi.util.FileUtil) Reading file /sys/devices/system/cpu/cpu5/cache/index1/level
[16:01:19] [main/DEBUG] (oshi.util.FileUtil) Reading file /sys/devices/system/cpu/cpu5/cache/index1/type
[16:01:19] [main/DEBUG] (oshi.util.FileUtil) Reading file /sys/devices/system/cpu/cpu5/cache/index1/type
[16:01:19] [main/DEBUG] (oshi.util.FileUtil) Reading file /sys/devices/system/cpu/cpu5/cache/index1/ways_of_associativity
[16:01:19] [main/DEBUG] (oshi.util.FileUtil) Reading file /sys/devices/system/cpu/cpu5/cache/index1/ways_of_associativity
[16:01:19] [main/DEBUG] (oshi.util.FileUtil) Reading file /sys/devices/system/cpu/cpu5/cache/index1/coherency_line_size
[16:01:19] [main/DEBUG] (oshi.util.FileUtil) Reading file /sys/devices/system/cpu/cpu5/cache/index1/coherency_line_size
[16:01:19] [main/DEBUG] (oshi.util.FileUtil) Reading file /sys/devices/system/cpu/cpu5/cache/index1/size
[16:01:19] [main/DEBUG] (oshi.util.FileUtil) Reading file /sys/devices/system/cpu/cpu5/cache/index1/size
[16:01:19] [main/DEBUG] (oshi.util.FileUtil) Reading file /sys/devices/system/cpu/cpu3/uevent
[16:01:19] [main/DEBUG] (oshi.util.FileUtil) Reading file /sys/devices/system/cpu/cpu3/uevent
[16:01:19] [main/DEBUG] (oshi.util.FileUtil) Reading file /sys/devices/system/cpu/cpu3/topology/core_id
[16:01:19] [main/DEBUG] (oshi.util.FileUtil) Reading file /sys/devices/system/cpu/cpu3/topology/core_id
[16:01:19] [main/DEBUG] (oshi.util.FileUtil) Reading file /sys/devices/system/cpu/cpu3/topology/physical_package_id
[16:01:19] [main/DEBUG] (oshi.util.FileUtil) Reading file /sys/devices/system/cpu/cpu3/topology/physical_package_id
[16:01:19] [main/DEBUG] (oshi.util.FileUtil) Reading file /sys/devices/system/cpu/cpu3/cpu_capacity
[16:01:19] [main/DEBUG] (oshi.util.FileUtil) Reading file /sys/devices/system/cpu/cpu3/cpu_capacity
[16:01:19] [main/DEBUG] (oshi.util.FileUtil) Reading file /sys/devices/system/cpu/cpu3/cache/index2/level
[16:01:19] [main/DEBUG] (oshi.util.FileUtil) Reading file /sys/devices/system/cpu/cpu3/cache/index2/level
[16:01:19] [main/DEBUG] (oshi.util.FileUtil) Reading file /sys/devices/system/cpu/cpu3/cache/index2/type
[16:01:19] [main/DEBUG] (oshi.util.FileUtil) Reading file /sys/devices/system/cpu/cpu3/cache/index2/type
[16:01:19] [main/DEBUG] (oshi.util.FileUtil) Reading file /sys/devices/system/cpu/cpu3/cache/index2/ways_of_associativity
[16:01:19] [main/DEBUG] (oshi.util.FileUtil) Reading file /sys/devices/system/cpu/cpu3/cache/index2/ways_of_associativity
[16:01:19] [main/DEBUG] (oshi.util.FileUtil) Reading file /sys/devices/system/cpu/cpu3/cache/index2/coherency_line_size
[16:01:19] [main/DEBUG] (oshi.util.FileUtil) Reading file /sys/devices/system/cpu/cpu3/cache/index2/coherency_line_size
[16:01:19] [main/DEBUG] (oshi.util.FileUtil) Reading file /sys/devices/system/cpu/cpu3/cache/index2/size
[16:01:19] [main/DEBUG] (oshi.util.FileUtil) Reading file /sys/devices/system/cpu/cpu3/cache/index2/size
[16:01:19] [main/DEBUG] (oshi.util.FileUtil) Reading file /sys/devices/system/cpu/cpu3/cache/index0/level
[16:01:19] [main/DEBUG] (oshi.util.FileUtil) Reading file /sys/devices/system/cpu/cpu3/cache/index0/level
[16:01:19] [main/DEBUG] (oshi.util.FileUtil) Reading file /sys/devices/system/cpu/cpu3/cache/index0/type
[16:01:19] [main/DEBUG] (oshi.util.FileUtil) Reading file /sys/devices/system/cpu/cpu3/cache/index0/type
[16:01:19] [main/DEBUG] (oshi.util.FileUtil) Reading file /sys/devices/system/cpu/cpu3/cache/index0/ways_of_associativity
[16:01:19] [main/DEBUG] (oshi.util.FileUtil) Reading file /sys/devices/system/cpu/cpu3/cache/index0/ways_of_associativity
[16:01:19] [main/DEBUG] (oshi.util.FileUtil) Reading file /sys/devices/system/cpu/cpu3/cache/index0/coherency_line_size
[16:01:19] [main/DEBUG] (oshi.util.FileUtil) Reading file /sys/devices/system/cpu/cpu3/cache/index0/coherency_line_size
[16:01:19] [main/DEBUG] (oshi.util.FileUtil) Reading file /sys/devices/system/cpu/cpu3/cache/index0/size
[16:01:19] [main/DEBUG] (oshi.util.FileUtil) Reading file /sys/devices/system/cpu/cpu3/cache/index0/size
[16:01:19] [main/DEBUG] (oshi.util.FileUtil) Reading file /sys/devices/system/cpu/cpu3/cache/index3/level
[16:01:19] [main/DEBUG] (oshi.util.FileUtil) Reading file /sys/devices/system/cpu/cpu3/cache/index3/level
[16:01:19] [main/DEBUG] (oshi.util.FileUtil) Reading file /sys/devices/system/cpu/cpu3/cache/index3/type
[16:01:19] [main/DEBUG] (oshi.util.FileUtil) Reading file /sys/devices/system/cpu/cpu3/cache/index3/type
[16:01:19] [main/DEBUG] (oshi.util.FileUtil) Reading file /sys/devices/system/cpu/cpu3/cache/index3/ways_of_associativity
[16:01:19] [main/DEBUG] (oshi.util.FileUtil) Reading file /sys/devices/system/cpu/cpu3/cache/index3/ways_of_associativity
[16:01:19] [main/DEBUG] (oshi.util.FileUtil) Reading file /sys/devices/system/cpu/cpu3/cache/index3/coherency_line_size
[16:01:19] [main/DEBUG] (oshi.util.FileUtil) Reading file /sys/devices/system/cpu/cpu3/cache/index3/coherency_line_size
[16:01:19] [main/DEBUG] (oshi.util.FileUtil) Reading file /sys/devices/system/cpu/cpu3/cache/index3/size
[16:01:19] [main/DEBUG] (oshi.util.FileUtil) Reading file /sys/devices/system/cpu/cpu3/cache/index3/size
[16:01:19] [main/DEBUG] (oshi.util.FileUtil) Reading file /sys/devices/system/cpu/cpu3/cache/index1/level
[16:01:19] [main/DEBUG] (oshi.util.FileUtil) Reading file /sys/devices/system/cpu/cpu3/cache/index1/level
[16:01:19] [main/DEBUG] (oshi.util.FileUtil) Reading file /sys/devices/system/cpu/cpu3/cache/index1/type
[16:01:19] [main/DEBUG] (oshi.util.FileUtil) Reading file /sys/devices/system/cpu/cpu3/cache/index1/type
[16:01:19] [main/DEBUG] (oshi.util.FileUtil) Reading file /sys/devices/system/cpu/cpu3/cache/index1/ways_of_associativity
[16:01:19] [main/DEBUG] (oshi.util.FileUtil) Reading file /sys/devices/system/cpu/cpu3/cache/index1/ways_of_associativity
[16:01:19] [main/DEBUG] (oshi.util.FileUtil) Reading file /sys/devices/system/cpu/cpu3/cache/index1/coherency_line_size
[16:01:19] [main/DEBUG] (oshi.util.FileUtil) Reading file /sys/devices/system/cpu/cpu3/cache/index1/coherency_line_size
[16:01:19] [main/DEBUG] (oshi.util.FileUtil) Reading file /sys/devices/system/cpu/cpu3/cache/index1/size
[16:01:19] [main/DEBUG] (oshi.util.FileUtil) Reading file /sys/devices/system/cpu/cpu3/cache/index1/size
[16:01:19] [main/DEBUG] (oshi.util.FileUtil) Reading file /sys/devices/system/cpu/cpu14/uevent
[16:01:19] [main/DEBUG] (oshi.util.FileUtil) Reading file /sys/devices/system/cpu/cpu14/uevent
[16:01:19] [main/DEBUG] (oshi.util.FileUtil) Reading file /sys/devices/system/cpu/cpu14/topology/core_id
[16:01:19] [main/DEBUG] (oshi.util.FileUtil) Reading file /sys/devices/system/cpu/cpu14/topology/core_id
[16:01:19] [main/DEBUG] (oshi.util.FileUtil) Reading file /sys/devices/system/cpu/cpu14/topology/physical_package_id
[16:01:19] [main/DEBUG] (oshi.util.FileUtil) Reading file /sys/devices/system/cpu/cpu14/topology/physical_package_id
[16:01:19] [main/DEBUG] (oshi.util.FileUtil) Reading file /sys/devices/system/cpu/cpu14/cpu_capacity
[16:01:19] [main/DEBUG] (oshi.util.FileUtil) Reading file /sys/devices/system/cpu/cpu14/cpu_capacity
[16:01:19] [main/DEBUG] (oshi.util.FileUtil) Reading file /sys/devices/system/cpu/cpu14/cache/index2/level
[16:01:19] [main/DEBUG] (oshi.util.FileUtil) Reading file /sys/devices/system/cpu/cpu14/cache/index2/level
[16:01:19] [main/DEBUG] (oshi.util.FileUtil) Reading file /sys/devices/system/cpu/cpu14/cache/index2/type
[16:01:19] [main/DEBUG] (oshi.util.FileUtil) Reading file /sys/devices/system/cpu/cpu14/cache/index2/type
[16:01:19] [main/DEBUG] (oshi.util.FileUtil) Reading file /sys/devices/system/cpu/cpu14/cache/index2/ways_of_associativity
[16:01:19] [main/DEBUG] (oshi.util.FileUtil) Reading file /sys/devices/system/cpu/cpu14/cache/index2/ways_of_associativity
[16:01:19] [main/DEBUG] (oshi.util.FileUtil) Reading file /sys/devices/system/cpu/cpu14/cache/index2/coherency_line_size
[16:01:19] [main/DEBUG] (oshi.util.FileUtil) Reading file /sys/devices/system/cpu/cpu14/cache/index2/coherency_line_size
[16:01:19] [main/DEBUG] (oshi.util.FileUtil) Reading file /sys/devices/system/cpu/cpu14/cache/index2/size
[16:01:19] [main/DEBUG] (oshi.util.FileUtil) Reading file /sys/devices/system/cpu/cpu14/cache/index2/size
[16:01:19] [main/DEBUG] (oshi.util.FileUtil) Reading file /sys/devices/system/cpu/cpu14/cache/index0/level
[16:01:19] [main/DEBUG] (oshi.util.FileUtil) Reading file /sys/devices/system/cpu/cpu14/cache/index0/level
[16:01:19] [main/DEBUG] (oshi.util.FileUtil) Reading file /sys/devices/system/cpu/cpu14/cache/index0/type
[16:01:19] [main/DEBUG] (oshi.util.FileUtil) Reading file /sys/devices/system/cpu/cpu14/cache/index0/type
[16:01:19] [main/DEBUG] (oshi.util.FileUtil) Reading file /sys/devices/system/cpu/cpu14/cache/index0/ways_of_associativity
[16:01:19] [main/DEBUG] (oshi.util.FileUtil) Reading file /sys/devices/system/cpu/cpu14/cache/index0/ways_of_associativity
[16:01:19] [main/DEBUG] (oshi.util.FileUtil) Reading file /sys/devices/system/cpu/cpu14/cache/index0/coherency_line_size
[16:01:19] [main/DEBUG] (oshi.util.FileUtil) Reading file /sys/devices/system/cpu/cpu14/cache/index0/coherency_line_size
[16:01:19] [main/DEBUG] (oshi.util.FileUtil) Reading file /sys/devices/system/cpu/cpu14/cache/index0/size
[16:01:19] [main/DEBUG] (oshi.util.FileUtil) Reading file /sys/devices/system/cpu/cpu14/cache/index0/size
[16:01:19] [main/DEBUG] (oshi.util.FileUtil) Reading file /sys/devices/system/cpu/cpu14/cache/index3/level
[16:01:19] [main/DEBUG] (oshi.util.FileUtil) Reading file /sys/devices/system/cpu/cpu14/cache/index3/level
[16:01:19] [main/DEBUG] (oshi.util.FileUtil) Reading file /sys/devices/system/cpu/cpu14/cache/index3/type
[16:01:19] [main/DEBUG] (oshi.util.FileUtil) Reading file /sys/devices/system/cpu/cpu14/cache/index3/type
[16:01:19] [main/DEBUG] (oshi.util.FileUtil) Reading file /sys/devices/system/cpu/cpu14/cache/index3/ways_of_associativity
[16:01:19] [main/DEBUG] (oshi.util.FileUtil) Reading file /sys/devices/system/cpu/cpu14/cache/index3/ways_of_associativity
[16:01:19] [main/DEBUG] (oshi.util.FileUtil) Reading file /sys/devices/system/cpu/cpu14/cache/index3/coherency_line_size
[16:01:19] [main/DEBUG] (oshi.util.FileUtil) Reading file /sys/devices/system/cpu/cpu14/cache/index3/coherency_line_size
[16:01:19] [main/DEBUG] (oshi.util.FileUtil) Reading file /sys/devices/system/cpu/cpu14/cache/index3/size
[16:01:19] [main/DEBUG] (oshi.util.FileUtil) Reading file /sys/devices/system/cpu/cpu14/cache/index3/size
[16:01:19] [main/DEBUG] (oshi.util.FileUtil) Reading file /sys/devices/system/cpu/cpu14/cache/index1/level
[16:01:19] [main/DEBUG] (oshi.util.FileUtil) Reading file /sys/devices/system/cpu/cpu14/cache/index1/level
[16:01:19] [main/DEBUG] (oshi.util.FileUtil) Reading file /sys/devices/system/cpu/cpu14/cache/index1/type
[16:01:19] [main/DEBUG] (oshi.util.FileUtil) Reading file /sys/devices/system/cpu/cpu14/cache/index1/type
[16:01:19] [main/DEBUG] (oshi.util.FileUtil) Reading file /sys/devices/system/cpu/cpu14/cache/index1/ways_of_associativity
[16:01:19] [main/DEBUG] (oshi.util.FileUtil) Reading file /sys/devices/system/cpu/cpu14/cache/index1/ways_of_associativity
[16:01:19] [main/DEBUG] (oshi.util.FileUtil) Reading file /sys/devices/system/cpu/cpu14/cache/index1/coherency_line_size
[16:01:19] [main/DEBUG] (oshi.util.FileUtil) Reading file /sys/devices/system/cpu/cpu14/cache/index1/coherency_line_size
[16:01:19] [main/DEBUG] (oshi.util.FileUtil) Reading file /sys/devices/system/cpu/cpu14/cache/index1/size
[16:01:19] [main/DEBUG] (oshi.util.FileUtil) Reading file /sys/devices/system/cpu/cpu14/cache/index1/size
[16:01:19] [main/DEBUG] (oshi.util.FileUtil) Reading file /sys/devices/system/cpu/cpu1/uevent
[16:01:19] [main/DEBUG] (oshi.util.FileUtil) Reading file /sys/devices/system/cpu/cpu1/uevent
[16:01:19] [main/DEBUG] (oshi.util.FileUtil) Reading file /sys/devices/system/cpu/cpu1/topology/core_id
[16:01:19] [main/DEBUG] (oshi.util.FileUtil) Reading file /sys/devices/system/cpu/cpu1/topology/core_id
[16:01:19] [main/DEBUG] (oshi.util.FileUtil) Reading file /sys/devices/system/cpu/cpu1/topology/physical_package_id
[16:01:19] [main/DEBUG] (oshi.util.FileUtil) Reading file /sys/devices/system/cpu/cpu1/topology/physical_package_id
[16:01:19] [main/DEBUG] (oshi.util.FileUtil) Reading file /sys/devices/system/cpu/cpu1/cpu_capacity
[16:01:19] [main/DEBUG] (oshi.util.FileUtil) Reading file /sys/devices/system/cpu/cpu1/cpu_capacity
[16:01:19] [main/DEBUG] (oshi.util.FileUtil) Reading file /sys/devices/system/cpu/cpu1/cache/index2/level
[16:01:19] [main/DEBUG] (oshi.util.FileUtil) Reading file /sys/devices/system/cpu/cpu1/cache/index2/level
[16:01:19] [main/DEBUG] (oshi.util.FileUtil) Reading file /sys/devices/system/cpu/cpu1/cache/index2/type
[16:01:19] [main/DEBUG] (oshi.util.FileUtil) Reading file /sys/devices/system/cpu/cpu1/cache/index2/type
[16:01:19] [main/DEBUG] (oshi.util.FileUtil) Reading file /sys/devices/system/cpu/cpu1/cache/index2/ways_of_associativity
[16:01:19] [main/DEBUG] (oshi.util.FileUtil) Reading file /sys/devices/system/cpu/cpu1/cache/index2/ways_of_associativity
[16:01:19] [main/DEBUG] (oshi.util.FileUtil) Reading file /sys/devices/system/cpu/cpu1/cache/index2/coherency_line_size
[16:01:19] [main/DEBUG] (oshi.util.FileUtil) Reading file /sys/devices/system/cpu/cpu1/cache/index2/coherency_line_size
[16:01:19] [main/DEBUG] (oshi.util.FileUtil) Reading file /sys/devices/system/cpu/cpu1/cache/index2/size
[16:01:19] [main/DEBUG] (oshi.util.FileUtil) Reading file /sys/devices/system/cpu/cpu1/cache/index2/size
[16:01:19] [main/DEBUG] (oshi.util.FileUtil) Reading file /sys/devices/system/cpu/cpu1/cache/index0/level
[16:01:19] [main/DEBUG] (oshi.util.FileUtil) Reading file /sys/devices/system/cpu/cpu1/cache/index0/level
[16:01:19] [main/DEBUG] (oshi.util.FileUtil) Reading file /sys/devices/system/cpu/cpu1/cache/index0/type
[16:01:19] [main/DEBUG] (oshi.util.FileUtil) Reading file /sys/devices/system/cpu/cpu1/cache/index0/type
[16:01:19] [main/DEBUG] (oshi.util.FileUtil) Reading file /sys/devices/system/cpu/cpu1/cache/index0/ways_of_associativity
[16:01:19] [main/DEBUG] (oshi.util.FileUtil) Reading file /sys/devices/system/cpu/cpu1/cache/index0/ways_of_associativity
[16:01:19] [main/DEBUG] (oshi.util.FileUtil) Reading file /sys/devices/system/cpu/cpu1/cache/index0/coherency_line_size
[16:01:19] [main/DEBUG] (oshi.util.FileUtil) Reading file /sys/devices/system/cpu/cpu1/cache/index0/coherency_line_size
[16:01:19] [main/DEBUG] (oshi.util.FileUtil) Reading file /sys/devices/system/cpu/cpu1/cache/index0/size
[16:01:19] [main/DEBUG] (oshi.util.FileUtil) Reading file /sys/devices/system/cpu/cpu1/cache/index0/size
[16:01:19] [main/DEBUG] (oshi.util.FileUtil) Reading file /sys/devices/system/cpu/cpu1/cache/index3/level
[16:01:19] [main/DEBUG] (oshi.util.FileUtil) Reading file /sys/devices/system/cpu/cpu1/cache/index3/level
[16:01:19] [main/DEBUG] (oshi.util.FileUtil) Reading file /sys/devices/system/cpu/cpu1/cache/index3/type
[16:01:19] [main/DEBUG] (oshi.util.FileUtil) Reading file /sys/devices/system/cpu/cpu1/cache/index3/type
[16:01:19] [main/DEBUG] (oshi.util.FileUtil) Reading file /sys/devices/system/cpu/cpu1/cache/index3/ways_of_associativity
[16:01:19] [main/DEBUG] (oshi.util.FileUtil) Reading file /sys/devices/system/cpu/cpu1/cache/index3/ways_of_associativity
[16:01:19] [main/DEBUG] (oshi.util.FileUtil) Reading file /sys/devices/system/cpu/cpu1/cache/index3/coherency_line_size
[16:01:19] [main/DEBUG] (oshi.util.FileUtil) Reading file /sys/devices/system/cpu/cpu1/cache/index3/coherency_line_size
[16:01:19] [main/DEBUG] (oshi.util.FileUtil) Reading file /sys/devices/system/cpu/cpu1/cache/index3/size
[16:01:19] [main/DEBUG] (oshi.util.FileUtil) Reading file /sys/devices/system/cpu/cpu1/cache/index3/size
[16:01:19] [main/DEBUG] (oshi.util.FileUtil) Reading file /sys/devices/system/cpu/cpu1/cache/index1/level
[16:01:19] [main/DEBUG] (oshi.util.FileUtil) Reading file /sys/devices/system/cpu/cpu1/cache/index1/level
[16:01:19] [main/DEBUG] (oshi.util.FileUtil) Reading file /sys/devices/system/cpu/cpu1/cache/index1/type
[16:01:19] [main/DEBUG] (oshi.util.FileUtil) Reading file /sys/devices/system/cpu/cpu1/cache/index1/type
[16:01:19] [main/DEBUG] (oshi.util.FileUtil) Reading file /sys/devices/system/cpu/cpu1/cache/index1/ways_of_associativity
[16:01:19] [main/DEBUG] (oshi.util.FileUtil) Reading file /sys/devices/system/cpu/cpu1/cache/index1/ways_of_associativity
[16:01:19] [main/DEBUG] (oshi.util.FileUtil) Reading file /sys/devices/system/cpu/cpu1/cache/index1/coherency_line_size
[16:01:19] [main/DEBUG] (oshi.util.FileUtil) Reading file /sys/devices/system/cpu/cpu1/cache/index1/coherency_line_size
[16:01:19] [main/DEBUG] (oshi.util.FileUtil) Reading file /sys/devices/system/cpu/cpu1/cache/index1/size
[16:01:19] [main/DEBUG] (oshi.util.FileUtil) Reading file /sys/devices/system/cpu/cpu1/cache/index1/size
[16:01:19] [main/DEBUG] (oshi.util.FileUtil) Reading file /sys/devices/system/cpu/cpu12/uevent
[16:01:19] [main/DEBUG] (oshi.util.FileUtil) Reading file /sys/devices/system/cpu/cpu12/uevent
[16:01:19] [main/DEBUG] (oshi.util.FileUtil) Reading file /sys/devices/system/cpu/cpu12/topology/core_id
[16:01:19] [main/DEBUG] (oshi.util.FileUtil) Reading file /sys/devices/system/cpu/cpu12/topology/core_id
[16:01:19] [main/DEBUG] (oshi.util.FileUtil) Reading file /sys/devices/system/cpu/cpu12/topology/physical_package_id
[16:01:19] [main/DEBUG] (oshi.util.FileUtil) Reading file /sys/devices/system/cpu/cpu12/topology/physical_package_id
[16:01:19] [main/DEBUG] (oshi.util.FileUtil) Reading file /sys/devices/system/cpu/cpu12/cpu_capacity
[16:01:19] [main/DEBUG] (oshi.util.FileUtil) Reading file /sys/devices/system/cpu/cpu12/cpu_capacity
[16:01:19] [main/DEBUG] (oshi.util.FileUtil) Reading file /sys/devices/system/cpu/cpu12/cache/index2/level
[16:01:19] [main/DEBUG] (oshi.util.FileUtil) Reading file /sys/devices/system/cpu/cpu12/cache/index2/level
[16:01:19] [main/DEBUG] (oshi.util.FileUtil) Reading file /sys/devices/system/cpu/cpu12/cache/index2/type
[16:01:19] [main/DEBUG] (oshi.util.FileUtil) Reading file /sys/devices/system/cpu/cpu12/cache/index2/type
[16:01:19] [main/DEBUG] (oshi.util.FileUtil) Reading file /sys/devices/system/cpu/cpu12/cache/index2/ways_of_associativity
[16:01:19] [main/DEBUG] (oshi.util.FileUtil) Reading file /sys/devices/system/cpu/cpu12/cache/index2/ways_of_associativity
[16:01:19] [main/DEBUG] (oshi.util.FileUtil) Reading file /sys/devices/system/cpu/cpu12/cache/index2/coherency_line_size
[16:01:19] [main/DEBUG] (oshi.util.FileUtil) Reading file /sys/devices/system/cpu/cpu12/cache/index2/coherency_line_size
[16:01:19] [main/DEBUG] (oshi.util.FileUtil) Reading file /sys/devices/system/cpu/cpu12/cache/index2/size
[16:01:19] [main/DEBUG] (oshi.util.FileUtil) Reading file /sys/devices/system/cpu/cpu12/cache/index2/size
[16:01:19] [main/DEBUG] (oshi.util.FileUtil) Reading file /sys/devices/system/cpu/cpu12/cache/index0/level
[16:01:19] [main/DEBUG] (oshi.util.FileUtil) Reading file /sys/devices/system/cpu/cpu12/cache/index0/level
[16:01:19] [main/DEBUG] (oshi.util.FileUtil) Reading file /sys/devices/system/cpu/cpu12/cache/index0/type
[16:01:19] [main/DEBUG] (oshi.util.FileUtil) Reading file /sys/devices/system/cpu/cpu12/cache/index0/type
[16:01:19] [main/DEBUG] (oshi.util.FileUtil) Reading file /sys/devices/system/cpu/cpu12/cache/index0/ways_of_associativity
[16:01:19] [main/DEBUG] (oshi.util.FileUtil) Reading file /sys/devices/system/cpu/cpu12/cache/index0/ways_of_associativity
[16:01:19] [main/DEBUG] (oshi.util.FileUtil) Reading file /sys/devices/system/cpu/cpu12/cache/index0/coherency_line_size
[16:01:19] [main/DEBUG] (oshi.util.FileUtil) Reading file /sys/devices/system/cpu/cpu12/cache/index0/coherency_line_size
[16:01:19] [main/DEBUG] (oshi.util.FileUtil) Reading file /sys/devices/system/cpu/cpu12/cache/index0/size
[16:01:19] [main/DEBUG] (oshi.util.FileUtil) Reading file /sys/devices/system/cpu/cpu12/cache/index0/size
[16:01:19] [main/DEBUG] (oshi.util.FileUtil) Reading file /sys/devices/system/cpu/cpu12/cache/index3/level
[16:01:19] [main/DEBUG] (oshi.util.FileUtil) Reading file /sys/devices/system/cpu/cpu12/cache/index3/level
[16:01:19] [main/DEBUG] (oshi.util.FileUtil) Reading file /sys/devices/system/cpu/cpu12/cache/index3/type
[16:01:19] [main/DEBUG] (oshi.util.FileUtil) Reading file /sys/devices/system/cpu/cpu12/cache/index3/type
[16:01:19] [main/DEBUG] (oshi.util.FileUtil) Reading file /sys/devices/system/cpu/cpu12/cache/index3/ways_of_associativity
[16:01:19] [main/DEBUG] (oshi.util.FileUtil) Reading file /sys/devices/system/cpu/cpu12/cache/index3/ways_of_associativity
[16:01:19] [main/DEBUG] (oshi.util.FileUtil) Reading file /sys/devices/system/cpu/cpu12/cache/index3/coherency_line_size
[16:01:19] [main/DEBUG] (oshi.util.FileUtil) Reading file /sys/devices/system/cpu/cpu12/cache/index3/coherency_line_size
[16:01:19] [main/DEBUG] (oshi.util.FileUtil) Reading file /sys/devices/system/cpu/cpu12/cache/index3/size
[16:01:19] [main/DEBUG] (oshi.util.FileUtil) Reading file /sys/devices/system/cpu/cpu12/cache/index3/size
[16:01:19] [main/DEBUG] (oshi.util.FileUtil) Reading file /sys/devices/system/cpu/cpu12/cache/index1/level
[16:01:19] [main/DEBUG] (oshi.util.FileUtil) Reading file /sys/devices/system/cpu/cpu12/cache/index1/level
[16:01:19] [main/DEBUG] (oshi.util.FileUtil) Reading file /sys/devices/system/cpu/cpu12/cache/index1/type
[16:01:19] [main/DEBUG] (oshi.util.FileUtil) Reading file /sys/devices/system/cpu/cpu12/cache/index1/type
[16:01:19] [main/DEBUG] (oshi.util.FileUtil) Reading file /sys/devices/system/cpu/cpu12/cache/index1/ways_of_associativity
[16:01:19] [main/DEBUG] (oshi.util.FileUtil) Reading file /sys/devices/system/cpu/cpu12/cache/index1/ways_of_associativity
[16:01:19] [main/DEBUG] (oshi.util.FileUtil) Reading file /sys/devices/system/cpu/cpu12/cache/index1/coherency_line_size
[16:01:19] [main/DEBUG] (oshi.util.FileUtil) Reading file /sys/devices/system/cpu/cpu12/cache/index1/coherency_line_size
[16:01:19] [main/DEBUG] (oshi.util.FileUtil) Reading file /sys/devices/system/cpu/cpu12/cache/index1/size
[16:01:19] [main/DEBUG] (oshi.util.FileUtil) Reading file /sys/devices/system/cpu/cpu12/cache/index1/size
[16:01:19] [main/DEBUG] (oshi.util.FileUtil) Reading file /sys/devices/system/cpu/cpu10/uevent
[16:01:19] [main/DEBUG] (oshi.util.FileUtil) Reading file /sys/devices/system/cpu/cpu10/uevent
[16:01:19] [main/DEBUG] (oshi.util.FileUtil) Reading file /sys/devices/system/cpu/cpu10/topology/core_id
[16:01:19] [main/DEBUG] (oshi.util.FileUtil) Reading file /sys/devices/system/cpu/cpu10/topology/core_id
[16:01:19] [main/DEBUG] (oshi.util.FileUtil) Reading file /sys/devices/system/cpu/cpu10/topology/physical_package_id
[16:01:19] [main/DEBUG] (oshi.util.FileUtil) Reading file /sys/devices/system/cpu/cpu10/topology/physical_package_id
[16:01:19] [main/DEBUG] (oshi.util.FileUtil) Reading file /sys/devices/system/cpu/cpu10/cpu_capacity
[16:01:19] [main/DEBUG] (oshi.util.FileUtil) Reading file /sys/devices/system/cpu/cpu10/cpu_capacity
[16:01:19] [main/DEBUG] (oshi.util.FileUtil) Reading file /sys/devices/system/cpu/cpu10/cache/index2/level
[16:01:19] [main/DEBUG] (oshi.util.FileUtil) Reading file /sys/devices/system/cpu/cpu10/cache/index2/level
[16:01:19] [main/DEBUG] (oshi.util.FileUtil) Reading file /sys/devices/system/cpu/cpu10/cache/index2/type
[16:01:19] [main/DEBUG] (oshi.util.FileUtil) Reading file /sys/devices/system/cpu/cpu10/cache/index2/type
[16:01:19] [main/DEBUG] (oshi.util.FileUtil) Reading file /sys/devices/system/cpu/cpu10/cache/index2/ways_of_associativity
[16:01:19] [main/DEBUG] (oshi.util.FileUtil) Reading file /sys/devices/system/cpu/cpu10/cache/index2/ways_of_associativity
[16:01:19] [main/DEBUG] (oshi.util.FileUtil) Reading file /sys/devices/system/cpu/cpu10/cache/index2/coherency_line_size
[16:01:19] [main/DEBUG] (oshi.util.FileUtil) Reading file /sys/devices/system/cpu/cpu10/cache/index2/coherency_line_size
[16:01:19] [main/DEBUG] (oshi.util.FileUtil) Reading file /sys/devices/system/cpu/cpu10/cache/index2/size
[16:01:19] [main/DEBUG] (oshi.util.FileUtil) Reading file /sys/devices/system/cpu/cpu10/cache/index2/size
[16:01:19] [main/DEBUG] (oshi.util.FileUtil) Reading file /sys/devices/system/cpu/cpu10/cache/index0/level
[16:01:19] [main/DEBUG] (oshi.util.FileUtil) Reading file /sys/devices/system/cpu/cpu10/cache/index0/level
[16:01:19] [main/DEBUG] (oshi.util.FileUtil) Reading file /sys/devices/system/cpu/cpu10/cache/index0/type
[16:01:19] [main/DEBUG] (oshi.util.FileUtil) Reading file /sys/devices/system/cpu/cpu10/cache/index0/type
[16:01:19] [main/DEBUG] (oshi.util.FileUtil) Reading file /sys/devices/system/cpu/cpu10/cache/index0/ways_of_associativity
[16:01:19] [main/DEBUG] (oshi.util.FileUtil) Reading file /sys/devices/system/cpu/cpu10/cache/index0/ways_of_associativity
[16:01:19] [main/DEBUG] (oshi.util.FileUtil) Reading file /sys/devices/system/cpu/cpu10/cache/index0/coherency_line_size
[16:01:19] [main/DEBUG] (oshi.util.FileUtil) Reading file /sys/devices/system/cpu/cpu10/cache/index0/coherency_line_size
[16:01:19] [main/DEBUG] (oshi.util.FileUtil) Reading file /sys/devices/system/cpu/cpu10/cache/index0/size
[16:01:19] [main/DEBUG] (oshi.util.FileUtil) Reading file /sys/devices/system/cpu/cpu10/cache/index0/size
[16:01:19] [main/DEBUG] (oshi.util.FileUtil) Reading file /sys/devices/system/cpu/cpu10/cache/index3/level
[16:01:19] [main/DEBUG] (oshi.util.FileUtil) Reading file /sys/devices/system/cpu/cpu10/cache/index3/level
[16:01:19] [main/DEBUG] (oshi.util.FileUtil) Reading file /sys/devices/system/cpu/cpu10/cache/index3/type
[16:01:19] [main/DEBUG] (oshi.util.FileUtil) Reading file /sys/devices/system/cpu/cpu10/cache/index3/type
[16:01:19] [main/DEBUG] (oshi.util.FileUtil) Reading file /sys/devices/system/cpu/cpu10/cache/index3/ways_of_associativity
[16:01:19] [main/DEBUG] (oshi.util.FileUtil) Reading file /sys/devices/system/cpu/cpu10/cache/index3/ways_of_associativity
[16:01:19] [main/DEBUG] (oshi.util.FileUtil) Reading file /sys/devices/system/cpu/cpu10/cache/index3/coherency_line_size
[16:01:19] [main/DEBUG] (oshi.util.FileUtil) Reading file /sys/devices/system/cpu/cpu10/cache/index3/coherency_line_size
[16:01:19] [main/DEBUG] (oshi.util.FileUtil) Reading file /sys/devices/system/cpu/cpu10/cache/index3/size
[16:01:19] [main/DEBUG] (oshi.util.FileUtil) Reading file /sys/devices/system/cpu/cpu10/cache/index3/size
[16:01:19] [main/DEBUG] (oshi.util.FileUtil) Reading file /sys/devices/system/cpu/cpu10/cache/index1/level
[16:01:19] [main/DEBUG] (oshi.util.FileUtil) Reading file /sys/devices/system/cpu/cpu10/cache/index1/level
[16:01:19] [main/DEBUG] (oshi.util.FileUtil) Reading file /sys/devices/system/cpu/cpu10/cache/index1/type
[16:01:19] [main/DEBUG] (oshi.util.FileUtil) Reading file /sys/devices/system/cpu/cpu10/cache/index1/type
[16:01:19] [main/DEBUG] (oshi.util.FileUtil) Reading file /sys/devices/system/cpu/cpu10/cache/index1/ways_of_associativity
[16:01:19] [main/DEBUG] (oshi.util.FileUtil) Reading file /sys/devices/system/cpu/cpu10/cache/index1/ways_of_associativity
[16:01:19] [main/DEBUG] (oshi.util.FileUtil) Reading file /sys/devices/system/cpu/cpu10/cache/index1/coherency_line_size
[16:01:19] [main/DEBUG] (oshi.util.FileUtil) Reading file /sys/devices/system/cpu/cpu10/cache/index1/coherency_line_size
[16:01:19] [main/DEBUG] (oshi.util.FileUtil) Reading file /sys/devices/system/cpu/cpu10/cache/index1/size
[16:01:19] [main/DEBUG] (oshi.util.FileUtil) Reading file /sys/devices/system/cpu/cpu10/cache/index1/size
[16:01:19] [main/DEBUG] (oshi.util.FileUtil) Reading file /sys/devices/system/cpu/cpu8/uevent
[16:01:19] [main/DEBUG] (oshi.util.FileUtil) Reading file /sys/devices/system/cpu/cpu8/uevent
[16:01:19] [main/DEBUG] (oshi.util.FileUtil) Reading file /sys/devices/system/cpu/cpu8/topology/core_id
[16:01:19] [main/DEBUG] (oshi.util.FileUtil) Reading file /sys/devices/system/cpu/cpu8/topology/core_id
[16:01:19] [main/DEBUG] (oshi.util.FileUtil) Reading file /sys/devices/system/cpu/cpu8/topology/physical_package_id
[16:01:19] [main/DEBUG] (oshi.util.FileUtil) Reading file /sys/devices/system/cpu/cpu8/topology/physical_package_id
[16:01:19] [main/DEBUG] (oshi.util.FileUtil) Reading file /sys/devices/system/cpu/cpu8/cpu_capacity
[16:01:19] [main/DEBUG] (oshi.util.FileUtil) Reading file /sys/devices/system/cpu/cpu8/cpu_capacity
[16:01:19] [main/DEBUG] (oshi.util.FileUtil) Reading file /sys/devices/system/cpu/cpu8/cache/index2/level
[16:01:19] [main/DEBUG] (oshi.util.FileUtil) Reading file /sys/devices/system/cpu/cpu8/cache/index2/level
[16:01:19] [main/DEBUG] (oshi.util.FileUtil) Reading file /sys/devices/system/cpu/cpu8/cache/index2/type
[16:01:19] [main/DEBUG] (oshi.util.FileUtil) Reading file /sys/devices/system/cpu/cpu8/cache/index2/type
[16:01:19] [main/DEBUG] (oshi.util.FileUtil) Reading file /sys/devices/system/cpu/cpu8/cache/index2/ways_of_associativity
[16:01:19] [main/DEBUG] (oshi.util.FileUtil) Reading file /sys/devices/system/cpu/cpu8/cache/index2/ways_of_associativity
[16:01:19] [main/DEBUG] (oshi.util.FileUtil) Reading file /sys/devices/system/cpu/cpu8/cache/index2/coherency_line_size
[16:01:19] [main/DEBUG] (oshi.util.FileUtil) Reading file /sys/devices/system/cpu/cpu8/cache/index2/coherency_line_size
[16:01:19] [main/DEBUG] (oshi.util.FileUtil) Reading file /sys/devices/system/cpu/cpu8/cache/index2/size
[16:01:19] [main/DEBUG] (oshi.util.FileUtil) Reading file /sys/devices/system/cpu/cpu8/cache/index2/size
[16:01:19] [main/DEBUG] (oshi.util.FileUtil) Reading file /sys/devices/system/cpu/cpu8/cache/index0/level
[16:01:19] [main/DEBUG] (oshi.util.FileUtil) Reading file /sys/devices/system/cpu/cpu8/cache/index0/level
[16:01:19] [main/DEBUG] (oshi.util.FileUtil) Reading file /sys/devices/system/cpu/cpu8/cache/index0/type
[16:01:19] [main/DEBUG] (oshi.util.FileUtil) Reading file /sys/devices/system/cpu/cpu8/cache/index0/type
[16:01:19] [main/DEBUG] (oshi.util.FileUtil) Reading file /sys/devices/system/cpu/cpu8/cache/index0/ways_of_associativity
[16:01:19] [main/DEBUG] (oshi.util.FileUtil) Reading file /sys/devices/system/cpu/cpu8/cache/index0/ways_of_associativity
[16:01:19] [main/DEBUG] (oshi.util.FileUtil) Reading file /sys/devices/system/cpu/cpu8/cache/index0/coherency_line_size
[16:01:19] [main/DEBUG] (oshi.util.FileUtil) Reading file /sys/devices/system/cpu/cpu8/cache/index0/coherency_line_size
[16:01:19] [main/DEBUG] (oshi.util.FileUtil) Reading file /sys/devices/system/cpu/cpu8/cache/index0/size
[16:01:19] [main/DEBUG] (oshi.util.FileUtil) Reading file /sys/devices/system/cpu/cpu8/cache/index0/size
[16:01:19] [main/DEBUG] (oshi.util.FileUtil) Reading file /sys/devices/system/cpu/cpu8/cache/index3/level
[16:01:19] [main/DEBUG] (oshi.util.FileUtil) Reading file /sys/devices/system/cpu/cpu8/cache/index3/level
[16:01:19] [main/DEBUG] (oshi.util.FileUtil) Reading file /sys/devices/system/cpu/cpu8/cache/index3/type
[16:01:19] [main/DEBUG] (oshi.util.FileUtil) Reading file /sys/devices/system/cpu/cpu8/cache/index3/type
[16:01:19] [main/DEBUG] (oshi.util.FileUtil) Reading file /sys/devices/system/cpu/cpu8/cache/index3/ways_of_associativity
[16:01:19] [main/DEBUG] (oshi.util.FileUtil) Reading file /sys/devices/system/cpu/cpu8/cache/index3/ways_of_associativity
[16:01:19] [main/DEBUG] (oshi.util.FileUtil) Reading file /sys/devices/system/cpu/cpu8/cache/index3/coherency_line_size
[16:01:19] [main/DEBUG] (oshi.util.FileUtil) Reading file /sys/devices/system/cpu/cpu8/cache/index3/coherency_line_size
[16:01:19] [main/DEBUG] (oshi.util.FileUtil) Reading file /sys/devices/system/cpu/cpu8/cache/index3/size
[16:01:19] [main/DEBUG] (oshi.util.FileUtil) Reading file /sys/devices/system/cpu/cpu8/cache/index3/size
[16:01:19] [main/DEBUG] (oshi.util.FileUtil) Reading file /sys/devices/system/cpu/cpu8/cache/index1/level
[16:01:19] [main/DEBUG] (oshi.util.FileUtil) Reading file /sys/devices/system/cpu/cpu8/cache/index1/level
[16:01:19] [main/DEBUG] (oshi.util.FileUtil) Reading file /sys/devices/system/cpu/cpu8/cache/index1/type
[16:01:19] [main/DEBUG] (oshi.util.FileUtil) Reading file /sys/devices/system/cpu/cpu8/cache/index1/type
[16:01:19] [main/DEBUG] (oshi.util.FileUtil) Reading file /sys/devices/system/cpu/cpu8/cache/index1/ways_of_associativity
[16:01:19] [main/DEBUG] (oshi.util.FileUtil) Reading file /sys/devices/system/cpu/cpu8/cache/index1/ways_of_associativity
[16:01:19] [main/DEBUG] (oshi.util.FileUtil) Reading file /sys/devices/system/cpu/cpu8/cache/index1/coherency_line_size
[16:01:19] [main/DEBUG] (oshi.util.FileUtil) Reading file /sys/devices/system/cpu/cpu8/cache/index1/coherency_line_size
[16:01:19] [main/DEBUG] (oshi.util.FileUtil) Reading file /sys/devices/system/cpu/cpu8/cache/index1/size
[16:01:19] [main/DEBUG] (oshi.util.FileUtil) Reading file /sys/devices/system/cpu/cpu8/cache/index1/size
[16:01:19] [main/DEBUG] (oshi.util.FileUtil) Reading file /sys/devices/system/cpu/cpu6/uevent
[16:01:19] [main/DEBUG] (oshi.util.FileUtil) Reading file /sys/devices/system/cpu/cpu6/uevent
[16:01:19] [main/DEBUG] (oshi.util.FileUtil) Reading file /sys/devices/system/cpu/cpu6/topology/core_id
[16:01:19] [main/DEBUG] (oshi.util.FileUtil) Reading file /sys/devices/system/cpu/cpu6/topology/core_id
[16:01:19] [main/DEBUG] (oshi.util.FileUtil) Reading file /sys/devices/system/cpu/cpu6/topology/physical_package_id
[16:01:19] [main/DEBUG] (oshi.util.FileUtil) Reading file /sys/devices/system/cpu/cpu6/topology/physical_package_id
[16:01:19] [main/DEBUG] (oshi.util.FileUtil) Reading file /sys/devices/system/cpu/cpu6/cpu_capacity
[16:01:19] [main/DEBUG] (oshi.util.FileUtil) Reading file /sys/devices/system/cpu/cpu6/cpu_capacity
[16:01:19] [main/DEBUG] (oshi.util.FileUtil) Reading file /sys/devices/system/cpu/cpu6/cache/index2/level
[16:01:19] [main/DEBUG] (oshi.util.FileUtil) Reading file /sys/devices/system/cpu/cpu6/cache/index2/level
[16:01:19] [main/DEBUG] (oshi.util.FileUtil) Reading file /sys/devices/system/cpu/cpu6/cache/index2/type
[16:01:19] [main/DEBUG] (oshi.util.FileUtil) Reading file /sys/devices/system/cpu/cpu6/cache/index2/type
[16:01:19] [main/DEBUG] (oshi.util.FileUtil) Reading file /sys/devices/system/cpu/cpu6/cache/index2/ways_of_associativity
[16:01:19] [main/DEBUG] (oshi.util.FileUtil) Reading file /sys/devices/system/cpu/cpu6/cache/index2/ways_of_associativity
[16:01:19] [main/DEBUG] (oshi.util.FileUtil) Reading file /sys/devices/system/cpu/cpu6/cache/index2/coherency_line_size
[16:01:19] [main/DEBUG] (oshi.util.FileUtil) Reading file /sys/devices/system/cpu/cpu6/cache/index2/coherency_line_size
[16:01:19] [main/DEBUG] (oshi.util.FileUtil) Reading file /sys/devices/system/cpu/cpu6/cache/index2/size
[16:01:19] [main/DEBUG] (oshi.util.FileUtil) Reading file /sys/devices/system/cpu/cpu6/cache/index2/size
[16:01:19] [main/DEBUG] (oshi.util.FileUtil) Reading file /sys/devices/system/cpu/cpu6/cache/index0/level
[16:01:19] [main/DEBUG] (oshi.util.FileUtil) Reading file /sys/devices/system/cpu/cpu6/cache/index0/level
[16:01:19] [main/DEBUG] (oshi.util.FileUtil) Reading file /sys/devices/system/cpu/cpu6/cache/index0/type
[16:01:19] [main/DEBUG] (oshi.util.FileUtil) Reading file /sys/devices/system/cpu/cpu6/cache/index0/type
[16:01:19] [main/DEBUG] (oshi.util.FileUtil) Reading file /sys/devices/system/cpu/cpu6/cache/index0/ways_of_associativity
[16:01:19] [main/DEBUG] (oshi.util.FileUtil) Reading file /sys/devices/system/cpu/cpu6/cache/index0/ways_of_associativity
[16:01:19] [main/DEBUG] (oshi.util.FileUtil) Reading file /sys/devices/system/cpu/cpu6/cache/index0/coherency_line_size
[16:01:19] [main/DEBUG] (oshi.util.FileUtil) Reading file /sys/devices/system/cpu/cpu6/cache/index0/coherency_line_size
[16:01:19] [main/DEBUG] (oshi.util.FileUtil) Reading file /sys/devices/system/cpu/cpu6/cache/index0/size
[16:01:19] [main/DEBUG] (oshi.util.FileUtil) Reading file /sys/devices/system/cpu/cpu6/cache/index0/size
[16:01:19] [main/DEBUG] (oshi.util.FileUtil) Reading file /sys/devices/system/cpu/cpu6/cache/index3/level
[16:01:19] [main/DEBUG] (oshi.util.FileUtil) Reading file /sys/devices/system/cpu/cpu6/cache/index3/level
[16:01:19] [main/DEBUG] (oshi.util.FileUtil) Reading file /sys/devices/system/cpu/cpu6/cache/index3/type
[16:01:19] [main/DEBUG] (oshi.util.FileUtil) Reading file /sys/devices/system/cpu/cpu6/cache/index3/type
[16:01:19] [main/DEBUG] (oshi.util.FileUtil) Reading file /sys/devices/system/cpu/cpu6/cache/index3/ways_of_associativity
[16:01:19] [main/DEBUG] (oshi.util.FileUtil) Reading file /sys/devices/system/cpu/cpu6/cache/index3/ways_of_associativity
[16:01:19] [main/DEBUG] (oshi.util.FileUtil) Reading file /sys/devices/system/cpu/cpu6/cache/index3/coherency_line_size
[16:01:19] [main/DEBUG] (oshi.util.FileUtil) Reading file /sys/devices/system/cpu/cpu6/cache/index3/coherency_line_size
[16:01:19] [main/DEBUG] (oshi.util.FileUtil) Reading file /sys/devices/system/cpu/cpu6/cache/index3/size
[16:01:19] [main/DEBUG] (oshi.util.FileUtil) Reading file /sys/devices/system/cpu/cpu6/cache/index3/size
[16:01:19] [main/DEBUG] (oshi.util.FileUtil) Reading file /sys/devices/system/cpu/cpu6/cache/index1/level
[16:01:19] [main/DEBUG] (oshi.util.FileUtil) Reading file /sys/devices/system/cpu/cpu6/cache/index1/level
[16:01:19] [main/DEBUG] (oshi.util.FileUtil) Reading file /sys/devices/system/cpu/cpu6/cache/index1/type
[16:01:19] [main/DEBUG] (oshi.util.FileUtil) Reading file /sys/devices/system/cpu/cpu6/cache/index1/type
[16:01:19] [main/DEBUG] (oshi.util.FileUtil) Reading file /sys/devices/system/cpu/cpu6/cache/index1/ways_of_associativity
[16:01:19] [main/DEBUG] (oshi.util.FileUtil) Reading file /sys/devices/system/cpu/cpu6/cache/index1/ways_of_associativity
[16:01:19] [main/DEBUG] (oshi.util.FileUtil) Reading file /sys/devices/system/cpu/cpu6/cache/index1/coherency_line_size
[16:01:19] [main/DEBUG] (oshi.util.FileUtil) Reading file /sys/devices/system/cpu/cpu6/cache/index1/coherency_line_size
[16:01:19] [main/DEBUG] (oshi.util.FileUtil) Reading file /sys/devices/system/cpu/cpu6/cache/index1/size
[16:01:19] [main/DEBUG] (oshi.util.FileUtil) Reading file /sys/devices/system/cpu/cpu6/cache/index1/size
[16:01:19] [main/DEBUG] (oshi.util.FileUtil) Reading file /sys/devices/system/cpu/cpu4/uevent
[16:01:19] [main/DEBUG] (oshi.util.FileUtil) Reading file /sys/devices/system/cpu/cpu4/uevent
[16:01:19] [main/DEBUG] (oshi.util.FileUtil) Reading file /sys/devices/system/cpu/cpu4/topology/core_id
[16:01:19] [main/DEBUG] (oshi.util.FileUtil) Reading file /sys/devices/system/cpu/cpu4/topology/core_id
[16:01:19] [main/DEBUG] (oshi.util.FileUtil) Reading file /sys/devices/system/cpu/cpu4/topology/physical_package_id
[16:01:19] [main/DEBUG] (oshi.util.FileUtil) Reading file /sys/devices/system/cpu/cpu4/topology/physical_package_id
[16:01:19] [main/DEBUG] (oshi.util.FileUtil) Reading file /sys/devices/system/cpu/cpu4/cpu_capacity
[16:01:19] [main/DEBUG] (oshi.util.FileUtil) Reading file /sys/devices/system/cpu/cpu4/cpu_capacity
[16:01:19] [main/DEBUG] (oshi.util.FileUtil) Reading file /sys/devices/system/cpu/cpu4/cache/index2/level
[16:01:19] [main/DEBUG] (oshi.util.FileUtil) Reading file /sys/devices/system/cpu/cpu4/cache/index2/level
[16:01:19] [main/DEBUG] (oshi.util.FileUtil) Reading file /sys/devices/system/cpu/cpu4/cache/index2/type
[16:01:19] [main/DEBUG] (oshi.util.FileUtil) Reading file /sys/devices/system/cpu/cpu4/cache/index2/type
[16:01:19] [main/DEBUG] (oshi.util.FileUtil) Reading file /sys/devices/system/cpu/cpu4/cache/index2/ways_of_associativity
[16:01:19] [main/DEBUG] (oshi.util.FileUtil) Reading file /sys/devices/system/cpu/cpu4/cache/index2/ways_of_associativity
[16:01:19] [main/DEBUG] (oshi.util.FileUtil) Reading file /sys/devices/system/cpu/cpu4/cache/index2/coherency_line_size
[16:01:19] [main/DEBUG] (oshi.util.FileUtil) Reading file /sys/devices/system/cpu/cpu4/cache/index2/coherency_line_size
[16:01:19] [main/DEBUG] (oshi.util.FileUtil) Reading file /sys/devices/system/cpu/cpu4/cache/index2/size
[16:01:19] [main/DEBUG] (oshi.util.FileUtil) Reading file /sys/devices/system/cpu/cpu4/cache/index2/size
[16:01:19] [main/DEBUG] (oshi.util.FileUtil) Reading file /sys/devices/system/cpu/cpu4/cache/index0/level
[16:01:19] [main/DEBUG] (oshi.util.FileUtil) Reading file /sys/devices/system/cpu/cpu4/cache/index0/level
[16:01:19] [main/DEBUG] (oshi.util.FileUtil) Reading file /sys/devices/system/cpu/cpu4/cache/index0/type
[16:01:19] [main/DEBUG] (oshi.util.FileUtil) Reading file /sys/devices/system/cpu/cpu4/cache/index0/type
[16:01:19] [main/DEBUG] (oshi.util.FileUtil) Reading file /sys/devices/system/cpu/cpu4/cache/index0/ways_of_associativity
[16:01:19] [main/DEBUG] (oshi.util.FileUtil) Reading file /sys/devices/system/cpu/cpu4/cache/index0/ways_of_associativity
[16:01:19] [main/DEBUG] (oshi.util.FileUtil) Reading file /sys/devices/system/cpu/cpu4/cache/index0/coherency_line_size
[16:01:19] [main/DEBUG] (oshi.util.FileUtil) Reading file /sys/devices/system/cpu/cpu4/cache/index0/coherency_line_size
[16:01:19] [main/DEBUG] (oshi.util.FileUtil) Reading file /sys/devices/system/cpu/cpu4/cache/index0/size
[16:01:19] [main/DEBUG] (oshi.util.FileUtil) Reading file /sys/devices/system/cpu/cpu4/cache/index0/size
[16:01:19] [main/DEBUG] (oshi.util.FileUtil) Reading file /sys/devices/system/cpu/cpu4/cache/index3/level
[16:01:19] [main/DEBUG] (oshi.util.FileUtil) Reading file /sys/devices/system/cpu/cpu4/cache/index3/level
[16:01:19] [main/DEBUG] (oshi.util.FileUtil) Reading file /sys/devices/system/cpu/cpu4/cache/index3/type
[16:01:19] [main/DEBUG] (oshi.util.FileUtil) Reading file /sys/devices/system/cpu/cpu4/cache/index3/type
[16:01:19] [main/DEBUG] (oshi.util.FileUtil) Reading file /sys/devices/system/cpu/cpu4/cache/index3/ways_of_associativity
[16:01:19] [main/DEBUG] (oshi.util.FileUtil) Reading file /sys/devices/system/cpu/cpu4/cache/index3/ways_of_associativity
[16:01:19] [main/DEBUG] (oshi.util.FileUtil) Reading file /sys/devices/system/cpu/cpu4/cache/index3/coherency_line_size
[16:01:19] [main/DEBUG] (oshi.util.FileUtil) Reading file /sys/devices/system/cpu/cpu4/cache/index3/coherency_line_size
[16:01:19] [main/DEBUG] (oshi.util.FileUtil) Reading file /sys/devices/system/cpu/cpu4/cache/index3/size
[16:01:19] [main/DEBUG] (oshi.util.FileUtil) Reading file /sys/devices/system/cpu/cpu4/cache/index3/size
[16:01:19] [main/DEBUG] (oshi.util.FileUtil) Reading file /sys/devices/system/cpu/cpu4/cache/index1/level
[16:01:19] [main/DEBUG] (oshi.util.FileUtil) Reading file /sys/devices/system/cpu/cpu4/cache/index1/level
[16:01:19] [main/DEBUG] (oshi.util.FileUtil) Reading file /sys/devices/system/cpu/cpu4/cache/index1/type
[16:01:19] [main/DEBUG] (oshi.util.FileUtil) Reading file /sys/devices/system/cpu/cpu4/cache/index1/type
[16:01:19] [main/DEBUG] (oshi.util.FileUtil) Reading file /sys/devices/system/cpu/cpu4/cache/index1/ways_of_associativity
[16:01:19] [main/DEBUG] (oshi.util.FileUtil) Reading file /sys/devices/system/cpu/cpu4/cache/index1/ways_of_associativity
[16:01:19] [main/DEBUG] (oshi.util.FileUtil) Reading file /sys/devices/system/cpu/cpu4/cache/index1/coherency_line_size
[16:01:19] [main/DEBUG] (oshi.util.FileUtil) Reading file /sys/devices/system/cpu/cpu4/cache/index1/coherency_line_size
[16:01:19] [main/DEBUG] (oshi.util.FileUtil) Reading file /sys/devices/system/cpu/cpu4/cache/index1/size
[16:01:19] [main/DEBUG] (oshi.util.FileUtil) Reading file /sys/devices/system/cpu/cpu4/cache/index1/size
[16:01:19] [main/DEBUG] (oshi.util.FileUtil) Reading file /sys/devices/system/cpu/cpu15/uevent
[16:01:19] [main/DEBUG] (oshi.util.FileUtil) Reading file /sys/devices/system/cpu/cpu15/uevent
[16:01:19] [main/DEBUG] (oshi.util.FileUtil) Reading file /sys/devices/system/cpu/cpu15/topology/core_id
[16:01:19] [main/DEBUG] (oshi.util.FileUtil) Reading file /sys/devices/system/cpu/cpu15/topology/core_id
[16:01:19] [main/DEBUG] (oshi.util.FileUtil) Reading file /sys/devices/system/cpu/cpu15/topology/physical_package_id
[16:01:19] [main/DEBUG] (oshi.util.FileUtil) Reading file /sys/devices/system/cpu/cpu15/topology/physical_package_id
[16:01:19] [main/DEBUG] (oshi.util.FileUtil) Reading file /sys/devices/system/cpu/cpu15/cpu_capacity
[16:01:19] [main/DEBUG] (oshi.util.FileUtil) Reading file /sys/devices/system/cpu/cpu15/cpu_capacity
[16:01:19] [main/DEBUG] (oshi.util.FileUtil) Reading file /sys/devices/system/cpu/cpu15/cache/index2/level
[16:01:19] [main/DEBUG] (oshi.util.FileUtil) Reading file /sys/devices/system/cpu/cpu15/cache/index2/level
[16:01:19] [main/DEBUG] (oshi.util.FileUtil) Reading file /sys/devices/system/cpu/cpu15/cache/index2/type
[16:01:19] [main/DEBUG] (oshi.util.FileUtil) Reading file /sys/devices/system/cpu/cpu15/cache/index2/type
[16:01:19] [main/DEBUG] (oshi.util.FileUtil) Reading file /sys/devices/system/cpu/cpu15/cache/index2/ways_of_associativity
[16:01:19] [main/DEBUG] (oshi.util.FileUtil) Reading file /sys/devices/system/cpu/cpu15/cache/index2/ways_of_associativity
[16:01:19] [main/DEBUG] (oshi.util.FileUtil) Reading file /sys/devices/system/cpu/cpu15/cache/index2/coherency_line_size
[16:01:19] [main/DEBUG] (oshi.util.FileUtil) Reading file /sys/devices/system/cpu/cpu15/cache/index2/coherency_line_size
[16:01:19] [main/DEBUG] (oshi.util.FileUtil) Reading file /sys/devices/system/cpu/cpu15/cache/index2/size
[16:01:19] [main/DEBUG] (oshi.util.FileUtil) Reading file /sys/devices/system/cpu/cpu15/cache/index2/size
[16:01:19] [main/DEBUG] (oshi.util.FileUtil) Reading file /sys/devices/system/cpu/cpu15/cache/index0/level
[16:01:19] [main/DEBUG] (oshi.util.FileUtil) Reading file /sys/devices/system/cpu/cpu15/cache/index0/level
[16:01:19] [main/DEBUG] (oshi.util.FileUtil) Reading file /sys/devices/system/cpu/cpu15/cache/index0/type
[16:01:19] [main/DEBUG] (oshi.util.FileUtil) Reading file /sys/devices/system/cpu/cpu15/cache/index0/type
[16:01:19] [main/DEBUG] (oshi.util.FileUtil) Reading file /sys/devices/system/cpu/cpu15/cache/index0/ways_of_associativity
[16:01:19] [main/DEBUG] (oshi.util.FileUtil) Reading file /sys/devices/system/cpu/cpu15/cache/index0/ways_of_associativity
[16:01:19] [main/DEBUG] (oshi.util.FileUtil) Reading file /sys/devices/system/cpu/cpu15/cache/index0/coherency_line_size
[16:01:19] [main/DEBUG] (oshi.util.FileUtil) Reading file /sys/devices/system/cpu/cpu15/cache/index0/coherency_line_size
[16:01:19] [main/DEBUG] (oshi.util.FileUtil) Reading file /sys/devices/system/cpu/cpu15/cache/index0/size
[16:01:19] [main/DEBUG] (oshi.util.FileUtil) Reading file /sys/devices/system/cpu/cpu15/cache/index0/size
[16:01:19] [main/DEBUG] (oshi.util.FileUtil) Reading file /sys/devices/system/cpu/cpu15/cache/index3/level
[16:01:19] [main/DEBUG] (oshi.util.FileUtil) Reading file /sys/devices/system/cpu/cpu15/cache/index3/level
[16:01:19] [main/DEBUG] (oshi.util.FileUtil) Reading file /sys/devices/system/cpu/cpu15/cache/index3/type
[16:01:19] [main/DEBUG] (oshi.util.FileUtil) Reading file /sys/devices/system/cpu/cpu15/cache/index3/type
[16:01:19] [main/DEBUG] (oshi.util.FileUtil) Reading file /sys/devices/system/cpu/cpu15/cache/index3/ways_of_associativity
[16:01:19] [main/DEBUG] (oshi.util.FileUtil) Reading file /sys/devices/system/cpu/cpu15/cache/index3/ways_of_associativity
[16:01:19] [main/DEBUG] (oshi.util.FileUtil) Reading file /sys/devices/system/cpu/cpu15/cache/index3/coherency_line_size
[16:01:19] [main/DEBUG] (oshi.util.FileUtil) Reading file /sys/devices/system/cpu/cpu15/cache/index3/coherency_line_size
[16:01:19] [main/DEBUG] (oshi.util.FileUtil) Reading file /sys/devices/system/cpu/cpu15/cache/index3/size
[16:01:19] [main/DEBUG] (oshi.util.FileUtil) Reading file /sys/devices/system/cpu/cpu15/cache/index3/size
[16:01:19] [main/DEBUG] (oshi.util.FileUtil) Reading file /sys/devices/system/cpu/cpu15/cache/index1/level
[16:01:19] [main/DEBUG] (oshi.util.FileUtil) Reading file /sys/devices/system/cpu/cpu15/cache/index1/level
[16:01:19] [main/DEBUG] (oshi.util.FileUtil) Reading file /sys/devices/system/cpu/cpu15/cache/index1/type
[16:01:19] [main/DEBUG] (oshi.util.FileUtil) Reading file /sys/devices/system/cpu/cpu15/cache/index1/type
[16:01:19] [main/DEBUG] (oshi.util.FileUtil) Reading file /sys/devices/system/cpu/cpu15/cache/index1/ways_of_associativity
[16:01:19] [main/DEBUG] (oshi.util.FileUtil) Reading file /sys/devices/system/cpu/cpu15/cache/index1/ways_of_associativity
[16:01:19] [main/DEBUG] (oshi.util.FileUtil) Reading file /sys/devices/system/cpu/cpu15/cache/index1/coherency_line_size
[16:01:19] [main/DEBUG] (oshi.util.FileUtil) Reading file /sys/devices/system/cpu/cpu15/cache/index1/coherency_line_size
[16:01:19] [main/DEBUG] (oshi.util.FileUtil) Reading file /sys/devices/system/cpu/cpu15/cache/index1/size
[16:01:19] [main/DEBUG] (oshi.util.FileUtil) Reading file /sys/devices/system/cpu/cpu15/cache/index1/size
[16:01:19] [main/DEBUG] (oshi.util.FileUtil) Reading file /sys/devices/system/cpu/cpu2/uevent
[16:01:19] [main/DEBUG] (oshi.util.FileUtil) Reading file /sys/devices/system/cpu/cpu2/uevent
[16:01:19] [main/DEBUG] (oshi.util.FileUtil) Reading file /sys/devices/system/cpu/cpu2/topology/core_id
[16:01:19] [main/DEBUG] (oshi.util.FileUtil) Reading file /sys/devices/system/cpu/cpu2/topology/core_id
[16:01:19] [main/DEBUG] (oshi.util.FileUtil) Reading file /sys/devices/system/cpu/cpu2/topology/physical_package_id
[16:01:19] [main/DEBUG] (oshi.util.FileUtil) Reading file /sys/devices/system/cpu/cpu2/topology/physical_package_id
[16:01:19] [main/DEBUG] (oshi.util.FileUtil) Reading file /sys/devices/system/cpu/cpu2/cpu_capacity
[16:01:19] [main/DEBUG] (oshi.util.FileUtil) Reading file /sys/devices/system/cpu/cpu2/cpu_capacity
[16:01:19] [main/DEBUG] (oshi.util.FileUtil) Reading file /sys/devices/system/cpu/cpu2/cache/index2/level
[16:01:19] [main/DEBUG] (oshi.util.FileUtil) Reading file /sys/devices/system/cpu/cpu2/cache/index2/level
[16:01:19] [main/DEBUG] (oshi.util.FileUtil) Reading file /sys/devices/system/cpu/cpu2/cache/index2/type
[16:01:19] [main/DEBUG] (oshi.util.FileUtil) Reading file /sys/devices/system/cpu/cpu2/cache/index2/type
[16:01:19] [main/DEBUG] (oshi.util.FileUtil) Reading file /sys/devices/system/cpu/cpu2/cache/index2/ways_of_associativity
[16:01:19] [main/DEBUG] (oshi.util.FileUtil) Reading file /sys/devices/system/cpu/cpu2/cache/index2/ways_of_associativity
[16:01:19] [main/DEBUG] (oshi.util.FileUtil) Reading file /sys/devices/system/cpu/cpu2/cache/index2/coherency_line_size
[16:01:19] [main/DEBUG] (oshi.util.FileUtil) Reading file /sys/devices/system/cpu/cpu2/cache/index2/coherency_line_size
[16:01:19] [main/DEBUG] (oshi.util.FileUtil) Reading file /sys/devices/system/cpu/cpu2/cache/index2/size
[16:01:19] [main/DEBUG] (oshi.util.FileUtil) Reading file /sys/devices/system/cpu/cpu2/cache/index2/size
[16:01:19] [main/DEBUG] (oshi.util.FileUtil) Reading file /sys/devices/system/cpu/cpu2/cache/index0/level
[16:01:19] [main/DEBUG] (oshi.util.FileUtil) Reading file /sys/devices/system/cpu/cpu2/cache/index0/level
[16:01:19] [main/DEBUG] (oshi.util.FileUtil) Reading file /sys/devices/system/cpu/cpu2/cache/index0/type
[16:01:19] [main/DEBUG] (oshi.util.FileUtil) Reading file /sys/devices/system/cpu/cpu2/cache/index0/type
[16:01:19] [main/DEBUG] (oshi.util.FileUtil) Reading file /sys/devices/system/cpu/cpu2/cache/index0/ways_of_associativity
[16:01:19] [main/DEBUG] (oshi.util.FileUtil) Reading file /sys/devices/system/cpu/cpu2/cache/index0/ways_of_associativity
[16:01:19] [main/DEBUG] (oshi.util.FileUtil) Reading file /sys/devices/system/cpu/cpu2/cache/index0/coherency_line_size
[16:01:19] [main/DEBUG] (oshi.util.FileUtil) Reading file /sys/devices/system/cpu/cpu2/cache/index0/coherency_line_size
[16:01:19] [main/DEBUG] (oshi.util.FileUtil) Reading file /sys/devices/system/cpu/cpu2/cache/index0/size
[16:01:19] [main/DEBUG] (oshi.util.FileUtil) Reading file /sys/devices/system/cpu/cpu2/cache/index0/size
[16:01:19] [main/DEBUG] (oshi.util.FileUtil) Reading file /sys/devices/system/cpu/cpu2/cache/index3/level
[16:01:19] [main/DEBUG] (oshi.util.FileUtil) Reading file /sys/devices/system/cpu/cpu2/cache/index3/level
[16:01:19] [main/DEBUG] (oshi.util.FileUtil) Reading file /sys/devices/system/cpu/cpu2/cache/index3/type
[16:01:19] [main/DEBUG] (oshi.util.FileUtil) Reading file /sys/devices/system/cpu/cpu2/cache/index3/type
[16:01:19] [main/DEBUG] (oshi.util.FileUtil) Reading file /sys/devices/system/cpu/cpu2/cache/index3/ways_of_associativity
[16:01:19] [main/DEBUG] (oshi.util.FileUtil) Reading file /sys/devices/system/cpu/cpu2/cache/index3/ways_of_associativity
[16:01:19] [main/DEBUG] (oshi.util.FileUtil) Reading file /sys/devices/system/cpu/cpu2/cache/index3/coherency_line_size
[16:01:19] [main/DEBUG] (oshi.util.FileUtil) Reading file /sys/devices/system/cpu/cpu2/cache/index3/coherency_line_size
[16:01:19] [main/DEBUG] (oshi.util.FileUtil) Reading file /sys/devices/system/cpu/cpu2/cache/index3/size
[16:01:19] [main/DEBUG] (oshi.util.FileUtil) Reading file /sys/devices/system/cpu/cpu2/cache/index3/size
[16:01:19] [main/DEBUG] (oshi.util.FileUtil) Reading file /sys/devices/system/cpu/cpu2/cache/index1/level
[16:01:19] [main/DEBUG] (oshi.util.FileUtil) Reading file /sys/devices/system/cpu/cpu2/cache/index1/level
[16:01:19] [main/DEBUG] (oshi.util.FileUtil) Reading file /sys/devices/system/cpu/cpu2/cache/index1/type
[16:01:19] [main/DEBUG] (oshi.util.FileUtil) Reading file /sys/devices/system/cpu/cpu2/cache/index1/type
[16:01:19] [main/DEBUG] (oshi.util.FileUtil) Reading file /sys/devices/system/cpu/cpu2/cache/index1/ways_of_associativity
[16:01:19] [main/DEBUG] (oshi.util.FileUtil) Reading file /sys/devices/system/cpu/cpu2/cache/index1/ways_of_associativity
[16:01:19] [main/DEBUG] (oshi.util.FileUtil) Reading file /sys/devices/system/cpu/cpu2/cache/index1/coherency_line_size
[16:01:19] [main/DEBUG] (oshi.util.FileUtil) Reading file /sys/devices/system/cpu/cpu2/cache/index1/coherency_line_size
[16:01:19] [main/DEBUG] (oshi.util.FileUtil) Reading file /sys/devices/system/cpu/cpu2/cache/index1/size
[16:01:19] [main/DEBUG] (oshi.util.FileUtil) Reading file /sys/devices/system/cpu/cpu2/cache/index1/size
[16:01:19] [main/DEBUG] (oshi.util.FileUtil) Reading file /sys/devices/system/cpu/cpu13/uevent
[16:01:19] [main/DEBUG] (oshi.util.FileUtil) Reading file /sys/devices/system/cpu/cpu13/uevent
[16:01:19] [main/DEBUG] (oshi.util.FileUtil) Reading file /sys/devices/system/cpu/cpu13/topology/core_id
[16:01:19] [main/DEBUG] (oshi.util.FileUtil) Reading file /sys/devices/system/cpu/cpu13/topology/core_id
[16:01:19] [main/DEBUG] (oshi.util.FileUtil) Reading file /sys/devices/system/cpu/cpu13/topology/physical_package_id
[16:01:19] [main/DEBUG] (oshi.util.FileUtil) Reading file /sys/devices/system/cpu/cpu13/topology/physical_package_id
[16:01:19] [main/DEBUG] (oshi.util.FileUtil) Reading file /sys/devices/system/cpu/cpu13/cpu_capacity
[16:01:19] [main/DEBUG] (oshi.util.FileUtil) Reading file /sys/devices/system/cpu/cpu13/cpu_capacity
[16:01:19] [main/DEBUG] (oshi.util.FileUtil) Reading file /sys/devices/system/cpu/cpu13/cache/index2/level
[16:01:19] [main/DEBUG] (oshi.util.FileUtil) Reading file /sys/devices/system/cpu/cpu13/cache/index2/level
[16:01:19] [main/DEBUG] (oshi.util.FileUtil) Reading file /sys/devices/system/cpu/cpu13/cache/index2/type
[16:01:19] [main/DEBUG] (oshi.util.FileUtil) Reading file /sys/devices/system/cpu/cpu13/cache/index2/type
[16:01:19] [main/DEBUG] (oshi.util.FileUtil) Reading file /sys/devices/system/cpu/cpu13/cache/index2/ways_of_associativity
[16:01:19] [main/DEBUG] (oshi.util.FileUtil) Reading file /sys/devices/system/cpu/cpu13/cache/index2/ways_of_associativity
[16:01:19] [main/DEBUG] (oshi.util.FileUtil) Reading file /sys/devices/system/cpu/cpu13/cache/index2/coherency_line_size
[16:01:19] [main/DEBUG] (oshi.util.FileUtil) Reading file /sys/devices/system/cpu/cpu13/cache/index2/coherency_line_size
[16:01:19] [main/DEBUG] (oshi.util.FileUtil) Reading file /sys/devices/system/cpu/cpu13/cache/index2/size
[16:01:19] [main/DEBUG] (oshi.util.FileUtil) Reading file /sys/devices/system/cpu/cpu13/cache/index2/size
[16:01:19] [main/DEBUG] (oshi.util.FileUtil) Reading file /sys/devices/system/cpu/cpu13/cache/index0/level
[16:01:19] [main/DEBUG] (oshi.util.FileUtil) Reading file /sys/devices/system/cpu/cpu13/cache/index0/level
[16:01:19] [main/DEBUG] (oshi.util.FileUtil) Reading file /sys/devices/system/cpu/cpu13/cache/index0/type
[16:01:19] [main/DEBUG] (oshi.util.FileUtil) Reading file /sys/devices/system/cpu/cpu13/cache/index0/type
[16:01:19] [main/DEBUG] (oshi.util.FileUtil) Reading file /sys/devices/system/cpu/cpu13/cache/index0/ways_of_associativity
[16:01:19] [main/DEBUG] (oshi.util.FileUtil) Reading file /sys/devices/system/cpu/cpu13/cache/index0/ways_of_associativity
[16:01:19] [main/DEBUG] (oshi.util.FileUtil) Reading file /sys/devices/system/cpu/cpu13/cache/index0/coherency_line_size
[16:01:19] [main/DEBUG] (oshi.util.FileUtil) Reading file /sys/devices/system/cpu/cpu13/cache/index0/coherency_line_size
[16:01:19] [main/DEBUG] (oshi.util.FileUtil) Reading file /sys/devices/system/cpu/cpu13/cache/index0/size
[16:01:19] [main/DEBUG] (oshi.util.FileUtil) Reading file /sys/devices/system/cpu/cpu13/cache/index0/size
[16:01:19] [main/DEBUG] (oshi.util.FileUtil) Reading file /sys/devices/system/cpu/cpu13/cache/index3/level
[16:01:19] [main/DEBUG] (oshi.util.FileUtil) Reading file /sys/devices/system/cpu/cpu13/cache/index3/level
[16:01:19] [main/DEBUG] (oshi.util.FileUtil) Reading file /sys/devices/system/cpu/cpu13/cache/index3/type
[16:01:19] [main/DEBUG] (oshi.util.FileUtil) Reading file /sys/devices/system/cpu/cpu13/cache/index3/type
[16:01:19] [main/DEBUG] (oshi.util.FileUtil) Reading file /sys/devices/system/cpu/cpu13/cache/index3/ways_of_associativity
[16:01:19] [main/DEBUG] (oshi.util.FileUtil) Reading file /sys/devices/system/cpu/cpu13/cache/index3/ways_of_associativity
[16:01:19] [main/DEBUG] (oshi.util.FileUtil) Reading file /sys/devices/system/cpu/cpu13/cache/index3/coherency_line_size
[16:01:19] [main/DEBUG] (oshi.util.FileUtil) Reading file /sys/devices/system/cpu/cpu13/cache/index3/coherency_line_size
[16:01:19] [main/DEBUG] (oshi.util.FileUtil) Reading file /sys/devices/system/cpu/cpu13/cache/index3/size
[16:01:19] [main/DEBUG] (oshi.util.FileUtil) Reading file /sys/devices/system/cpu/cpu13/cache/index3/size
[16:01:19] [main/DEBUG] (oshi.util.FileUtil) Reading file /sys/devices/system/cpu/cpu13/cache/index1/level
[16:01:19] [main/DEBUG] (oshi.util.FileUtil) Reading file /sys/devices/system/cpu/cpu13/cache/index1/level
[16:01:19] [main/DEBUG] (oshi.util.FileUtil) Reading file /sys/devices/system/cpu/cpu13/cache/index1/type
[16:01:19] [main/DEBUG] (oshi.util.FileUtil) Reading file /sys/devices/system/cpu/cpu13/cache/index1/type
[16:01:19] [main/DEBUG] (oshi.util.FileUtil) Reading file /sys/devices/system/cpu/cpu13/cache/index1/ways_of_associativity
[16:01:19] [main/DEBUG] (oshi.util.FileUtil) Reading file /sys/devices/system/cpu/cpu13/cache/index1/ways_of_associativity
[16:01:19] [main/DEBUG] (oshi.util.FileUtil) Reading file /sys/devices/system/cpu/cpu13/cache/index1/coherency_line_size
[16:01:19] [main/DEBUG] (oshi.util.FileUtil) Reading file /sys/devices/system/cpu/cpu13/cache/index1/coherency_line_size
[16:01:19] [main/DEBUG] (oshi.util.FileUtil) Reading file /sys/devices/system/cpu/cpu13/cache/index1/size
[16:01:19] [main/DEBUG] (oshi.util.FileUtil) Reading file /sys/devices/system/cpu/cpu13/cache/index1/size
[16:01:19] [main/DEBUG] (oshi.util.FileUtil) Reading file /sys/devices/system/cpu/cpu0/uevent
[16:01:19] [main/DEBUG] (oshi.util.FileUtil) Reading file /sys/devices/system/cpu/cpu0/uevent
[16:01:19] [main/DEBUG] (oshi.util.FileUtil) Reading file /sys/devices/system/cpu/cpu0/topology/core_id
[16:01:19] [main/DEBUG] (oshi.util.FileUtil) Reading file /sys/devices/system/cpu/cpu0/topology/core_id
[16:01:19] [main/DEBUG] (oshi.util.FileUtil) Reading file /sys/devices/system/cpu/cpu0/topology/physical_package_id
[16:01:19] [main/DEBUG] (oshi.util.FileUtil) Reading file /sys/devices/system/cpu/cpu0/topology/physical_package_id
[16:01:19] [main/DEBUG] (oshi.util.FileUtil) Reading file /sys/devices/system/cpu/cpu0/cpu_capacity
[16:01:19] [main/DEBUG] (oshi.util.FileUtil) Reading file /sys/devices/system/cpu/cpu0/cpu_capacity
[16:01:19] [main/DEBUG] (oshi.util.FileUtil) Reading file /sys/devices/system/cpu/cpu0/cache/index2/level
[16:01:19] [main/DEBUG] (oshi.util.FileUtil) Reading file /sys/devices/system/cpu/cpu0/cache/index2/level
[16:01:19] [main/DEBUG] (oshi.util.FileUtil) Reading file /sys/devices/system/cpu/cpu0/cache/index2/type
[16:01:19] [main/DEBUG] (oshi.util.FileUtil) Reading file /sys/devices/system/cpu/cpu0/cache/index2/type
[16:01:19] [main/DEBUG] (oshi.util.FileUtil) Reading file /sys/devices/system/cpu/cpu0/cache/index2/ways_of_associativity
[16:01:19] [main/DEBUG] (oshi.util.FileUtil) Reading file /sys/devices/system/cpu/cpu0/cache/index2/ways_of_associativity
[16:01:19] [main/DEBUG] (oshi.util.FileUtil) Reading file /sys/devices/system/cpu/cpu0/cache/index2/coherency_line_size
[16:01:19] [main/DEBUG] (oshi.util.FileUtil) Reading file /sys/devices/system/cpu/cpu0/cache/index2/coherency_line_size
[16:01:19] [main/DEBUG] (oshi.util.FileUtil) Reading file /sys/devices/system/cpu/cpu0/cache/index2/size
[16:01:19] [main/DEBUG] (oshi.util.FileUtil) Reading file /sys/devices/system/cpu/cpu0/cache/index2/size
[16:01:19] [main/DEBUG] (oshi.util.FileUtil) Reading file /sys/devices/system/cpu/cpu0/cache/index0/level
[16:01:19] [main/DEBUG] (oshi.util.FileUtil) Reading file /sys/devices/system/cpu/cpu0/cache/index0/level
[16:01:19] [main/DEBUG] (oshi.util.FileUtil) Reading file /sys/devices/system/cpu/cpu0/cache/index0/type
[16:01:19] [main/DEBUG] (oshi.util.FileUtil) Reading file /sys/devices/system/cpu/cpu0/cache/index0/type
[16:01:19] [main/DEBUG] (oshi.util.FileUtil) Reading file /sys/devices/system/cpu/cpu0/cache/index0/ways_of_associativity
[16:01:19] [main/DEBUG] (oshi.util.FileUtil) Reading file /sys/devices/system/cpu/cpu0/cache/index0/ways_of_associativity
[16:01:19] [main/DEBUG] (oshi.util.FileUtil) Reading file /sys/devices/system/cpu/cpu0/cache/index0/coherency_line_size
[16:01:19] [main/DEBUG] (oshi.util.FileUtil) Reading file /sys/devices/system/cpu/cpu0/cache/index0/coherency_line_size
[16:01:19] [main/DEBUG] (oshi.util.FileUtil) Reading file /sys/devices/system/cpu/cpu0/cache/index0/size
[16:01:19] [main/DEBUG] (oshi.util.FileUtil) Reading file /sys/devices/system/cpu/cpu0/cache/index0/size
[16:01:19] [main/DEBUG] (oshi.util.FileUtil) Reading file /sys/devices/system/cpu/cpu0/cache/index3/level
[16:01:19] [main/DEBUG] (oshi.util.FileUtil) Reading file /sys/devices/system/cpu/cpu0/cache/index3/level
[16:01:19] [main/DEBUG] (oshi.util.FileUtil) Reading file /sys/devices/system/cpu/cpu0/cache/index3/type
[16:01:19] [main/DEBUG] (oshi.util.FileUtil) Reading file /sys/devices/system/cpu/cpu0/cache/index3/type
[16:01:19] [main/DEBUG] (oshi.util.FileUtil) Reading file /sys/devices/system/cpu/cpu0/cache/index3/ways_of_associativity
[16:01:19] [main/DEBUG] (oshi.util.FileUtil) Reading file /sys/devices/system/cpu/cpu0/cache/index3/ways_of_associativity
[16:01:19] [main/DEBUG] (oshi.util.FileUtil) Reading file /sys/devices/system/cpu/cpu0/cache/index3/coherency_line_size
[16:01:19] [main/DEBUG] (oshi.util.FileUtil) Reading file /sys/devices/system/cpu/cpu0/cache/index3/coherency_line_size
[16:01:19] [main/DEBUG] (oshi.util.FileUtil) Reading file /sys/devices/system/cpu/cpu0/cache/index3/size
[16:01:19] [main/DEBUG] (oshi.util.FileUtil) Reading file /sys/devices/system/cpu/cpu0/cache/index3/size
[16:01:19] [main/DEBUG] (oshi.util.FileUtil) Reading file /sys/devices/system/cpu/cpu0/cache/index1/level
[16:01:19] [main/DEBUG] (oshi.util.FileUtil) Reading file /sys/devices/system/cpu/cpu0/cache/index1/level
[16:01:19] [main/DEBUG] (oshi.util.FileUtil) Reading file /sys/devices/system/cpu/cpu0/cache/index1/type
[16:01:19] [main/DEBUG] (oshi.util.FileUtil) Reading file /sys/devices/system/cpu/cpu0/cache/index1/type
[16:01:19] [main/DEBUG] (oshi.util.FileUtil) Reading file /sys/devices/system/cpu/cpu0/cache/index1/ways_of_associativity
[16:01:19] [main/DEBUG] (oshi.util.FileUtil) Reading file /sys/devices/system/cpu/cpu0/cache/index1/ways_of_associativity
[16:01:19] [main/DEBUG] (oshi.util.FileUtil) Reading file /sys/devices/system/cpu/cpu0/cache/index1/coherency_line_size
[16:01:19] [main/DEBUG] (oshi.util.FileUtil) Reading file /sys/devices/system/cpu/cpu0/cache/index1/coherency_line_size
[16:01:19] [main/DEBUG] (oshi.util.FileUtil) Reading file /sys/devices/system/cpu/cpu0/cache/index1/size
[16:01:19] [main/DEBUG] (oshi.util.FileUtil) Reading file /sys/devices/system/cpu/cpu0/cache/index1/size
[16:01:19] [main/DEBUG] (oshi.util.FileUtil) Reading file /proc/cpuinfo
[16:01:19] [main/DEBUG] (oshi.util.FileUtil) Reading file /proc/cpuinfo
[16:01:19] [main/DEBUG] (oshi.util.FileUtil) Reading file /proc/self/auxv
[16:01:19] [main/DEBUG] (oshi.util.FileUtil) Reading file /proc/meminfo
[16:01:19] [main/DEBUG] (oshi.util.FileUtil) Reading file /proc/meminfo
[16:01:20] [main/DEBUG] (oshi.util.FileUtil) Reading file /etc/os-release
[16:01:20] [main/DEBUG] (oshi.software.os.linux.LinuxOperatingSystem) os-release: NAME=NixOS
[16:01:20] [main/DEBUG] (oshi.software.os.linux.LinuxOperatingSystem) os-release: VERSION="26.05 (Yarara)"
[16:01:20] [main/DEBUG] (oshi.util.FileUtil) Reading file /proc/version
[16:01:20] [main/DEBUG] (oshi.util.FileUtil) Reading file /proc/32414/io
[16:01:20] [main/DEBUG] (oshi.util.FileUtil) Reading file /proc/32414/io
[16:01:20] [main/DEBUG] (oshi.util.FileUtil) Reading file /proc/32414/status
[16:01:20] [main/DEBUG] (oshi.util.FileUtil) Reading file /proc/32414/status
[16:01:20] [main/DEBUG] (oshi.util.FileUtil) Reading file /proc/32414/stat
[16:01:20] [main/DEBUG] (oshi.util.FileUtil) Reading file /proc/32414/stat
[16:01:20] [main/DEBUG] (oshi.util.FileUtil) Reading file /proc/self/stat
[16:01:20] [main/DEBUG] (oshi.util.FileUtil) Reading file /proc/self/stat
[16:01:20] [main/DEBUG] (FabricLoader/Mixin) Mixing MinecraftMixin from fabric-lifecycle-events-v1.client.mixins.json into net.minecraft.client.Minecraft
[16:01:20] [main/DEBUG] (FabricLoader/Mixin) Mixing MinecraftMixin from fabric-registry-sync-v0.client.mixins.json into net.minecraft.client.Minecraft
[16:01:20] [main/DEBUG] (FabricLoader/Mixin) Mixing MinecraftMixin from fabric-events-interaction-v0.client.mixins.json into net.minecraft.client.Minecraft
[16:01:20] [main/DEBUG] (FabricLoader/Mixin) Mixing MinecraftMixin from fabric-screen-api-v1.mixins.json into net.minecraft.client.Minecraft
[16:01:20] [main/DEBUG] (FabricLoader/Mixin) Mixing MinecraftMixin from fabric-data-generation-api-v1.client.mixins.json into net.minecraft.client.Minecraft
[16:01:20] [main/DEBUG] (FabricLoader/Mixin) Mixing accessor.MinecraftAccessor from fabric-networking-api-v1.client.mixins.json into net.minecraft.client.Minecraft
[16:01:20] [main/DEBUG] (FabricLoader/Mixin) fabric-lifecycle-events-v1.client.mixins.json:MinecraftMixin from mod fabric-lifecycle-events-v1->@Inject::onStartTick(Lorg/spongepowered/asm/mixin/injection/callback/CallbackInfo;)V doesn't use it's CallbackInfo
[16:01:20] [main/DEBUG] (FabricLoader/Mixin) fabric-lifecycle-events-v1.client.mixins.json:MinecraftMixin from mod fabric-lifecycle-events-v1->@Inject::onStartTick(Lorg/spongepowered/asm/mixin/injection/callback/CallbackInfo;)V has 0 override(s) in child classes
[16:01:20] [main/DEBUG] (FabricLoader/Mixin) fabric-lifecycle-events-v1.client.mixins.json:MinecraftMixin from mod fabric-lifecycle-events-v1->@Inject::onStartTick(Lorg/spongepowered/asm/mixin/injection/callback/CallbackInfo;)V won't be passed a CallbackInfo as a result
[16:01:20] [main/DEBUG] (FabricLoader/Mixin) fabric-lifecycle-events-v1.client.mixins.json:MinecraftMixin from mod fabric-lifecycle-events-v1->@Inject::onEndTick(Lorg/spongepowered/asm/mixin/injection/callback/CallbackInfo;)V doesn't use it's CallbackInfo
[16:01:20] [main/DEBUG] (FabricLoader/Mixin) fabric-lifecycle-events-v1.client.mixins.json:MinecraftMixin from mod fabric-lifecycle-events-v1->@Inject::onEndTick(Lorg/spongepowered/asm/mixin/injection/callback/CallbackInfo;)V has 0 override(s) in child classes
[16:01:20] [main/DEBUG] (FabricLoader/Mixin) fabric-lifecycle-events-v1.client.mixins.json:MinecraftMixin from mod fabric-lifecycle-events-v1->@Inject::onEndTick(Lorg/spongepowered/asm/mixin/injection/callback/CallbackInfo;)V won't be passed a CallbackInfo as a result
[16:01:20] [main/DEBUG] (FabricLoader/Mixin) fabric-lifecycle-events-v1.client.mixins.json:MinecraftMixin from mod fabric-lifecycle-events-v1->@Inject::onStopping(Lorg/spongepowered/asm/mixin/injection/callback/CallbackInfo;)V doesn't use it's CallbackInfo
[16:01:20] [main/DEBUG] (FabricLoader/Mixin) fabric-lifecycle-events-v1.client.mixins.json:MinecraftMixin from mod fabric-lifecycle-events-v1->@Inject::onStopping(Lorg/spongepowered/asm/mixin/injection/callback/CallbackInfo;)V has 0 override(s) in child classes
[16:01:20] [main/DEBUG] (FabricLoader/Mixin) fabric-lifecycle-events-v1.client.mixins.json:MinecraftMixin from mod fabric-lifecycle-events-v1->@Inject::onStopping(Lorg/spongepowered/asm/mixin/injection/callback/CallbackInfo;)V won't be passed a CallbackInfo as a result
[16:01:20] [main/DEBUG] (FabricLoader/Mixin) fabric-lifecycle-events-v1.client.mixins.json:MinecraftMixin from mod fabric-lifecycle-events-v1->@Inject::onStart(Lorg/spongepowered/asm/mixin/injection/callback/CallbackInfo;)V doesn't use it's CallbackInfo
[16:01:20] [main/DEBUG] (FabricLoader/Mixin) fabric-lifecycle-events-v1.client.mixins.json:MinecraftMixin from mod fabric-lifecycle-events-v1->@Inject::onStart(Lorg/spongepowered/asm/mixin/injection/callback/CallbackInfo;)V has 0 override(s) in child classes
[16:01:20] [main/DEBUG] (FabricLoader/Mixin) fabric-lifecycle-events-v1.client.mixins.json:MinecraftMixin from mod fabric-lifecycle-events-v1->@Inject::onStart(Lorg/spongepowered/asm/mixin/injection/callback/CallbackInfo;)V won't be passed a CallbackInfo as a result
[16:01:20] [main/DEBUG] (FabricLoader/Mixin) fabric-lifecycle-events-v1.client.mixins.json:MinecraftMixin from mod fabric-lifecycle-events-v1->@Inject::afterClientLevelChange(Lnet/minecraft/client/multiplayer/ClientLevel;ZLorg/spongepowered/asm/mixin/injection/callback/CallbackInfo;)V doesn't use it's CallbackInfo
[16:01:20] [main/DEBUG] (FabricLoader/Mixin) fabric-lifecycle-events-v1.client.mixins.json:MinecraftMixin from mod fabric-lifecycle-events-v1->@Inject::afterClientLevelChange(Lnet/minecraft/client/multiplayer/ClientLevel;ZLorg/spongepowered/asm/mixin/injection/callback/CallbackInfo;)V has 0 override(s) in child classes
[16:01:20] [main/DEBUG] (FabricLoader/Mixin) fabric-lifecycle-events-v1.client.mixins.json:MinecraftMixin from mod fabric-lifecycle-events-v1->@Inject::afterClientLevelChange(Lnet/minecraft/client/multiplayer/ClientLevel;ZLorg/spongepowered/asm/mixin/injection/callback/CallbackInfo;)V won't be passed a CallbackInfo as a result
[16:01:20] [main/DEBUG] (FabricLoader/Mixin) fabric-registry-sync-v0.client.mixins.json:MinecraftMixin from mod fabric-registry-sync-v0->@Inject::disconnectAfter(Lnet/minecraft/client/gui/screens/Screen;ZZLorg/spongepowered/asm/mixin/injection/callback/CallbackInfo;)V doesn't use it's CallbackInfo
[16:01:20] [main/DEBUG] (FabricLoader/Mixin) fabric-registry-sync-v0.client.mixins.json:MinecraftMixin from mod fabric-registry-sync-v0->@Inject::disconnectAfter(Lnet/minecraft/client/gui/screens/Screen;ZZLorg/spongepowered/asm/mixin/injection/callback/CallbackInfo;)V has 0 override(s) in child classes
[16:01:20] [main/DEBUG] (FabricLoader/Mixin) fabric-registry-sync-v0.client.mixins.json:MinecraftMixin from mod fabric-registry-sync-v0->@Inject::disconnectAfter(Lnet/minecraft/client/gui/screens/Screen;ZZLorg/spongepowered/asm/mixin/injection/callback/CallbackInfo;)V won't be passed a CallbackInfo as a result
[16:01:20] [main/DEBUG] (FabricLoader/Mixin) fabric-registry-sync-v0.client.mixins.json:MinecraftMixin from mod fabric-registry-sync-v0->@Inject::afterModInit(Lorg/spongepowered/asm/mixin/injection/callback/CallbackInfo;)V doesn't use it's CallbackInfo
[16:01:20] [main/DEBUG] (FabricLoader/Mixin) fabric-registry-sync-v0.client.mixins.json:MinecraftMixin from mod fabric-registry-sync-v0->@Inject::afterModInit(Lorg/spongepowered/asm/mixin/injection/callback/CallbackInfo;)V has 0 override(s) in child classes
[16:01:20] [main/DEBUG] (FabricLoader/Mixin) fabric-registry-sync-v0.client.mixins.json:MinecraftMixin from mod fabric-registry-sync-v0->@Inject::afterModInit(Lorg/spongepowered/asm/mixin/injection/callback/CallbackInfo;)V won't be passed a CallbackInfo as a result
[16:01:20] [main/DEBUG] (FabricLoader/Mixin) fabric-events-interaction-v0.client.mixins.json:MinecraftMixin from mod fabric-events-interaction-v0->@Inject::injectUseEntityCallback(Lorg/spongepowered/asm/mixin/injection/callback/CallbackInfo;)V does use it's CallbackInfo
[16:01:20] [main/DEBUG] (FabricLoader/Mixin) fabric-events-interaction-v0.client.mixins.json:MinecraftMixin from mod fabric-events-interaction-v0->@Inject::injectHandleInputEventsForPreAttackCallback(Lorg/spongepowered/asm/mixin/injection/callback/CallbackInfo;)V doesn't use it's CallbackInfo
[16:01:20] [main/DEBUG] (FabricLoader/Mixin) fabric-events-interaction-v0.client.mixins.json:MinecraftMixin from mod fabric-events-interaction-v0->@Inject::injectHandleInputEventsForPreAttackCallback(Lorg/spongepowered/asm/mixin/injection/callback/CallbackInfo;)V has 0 override(s) in child classes
[16:01:20] [main/DEBUG] (FabricLoader/Mixin) fabric-events-interaction-v0.client.mixins.json:MinecraftMixin from mod fabric-events-interaction-v0->@Inject::injectHandleInputEventsForPreAttackCallback(Lorg/spongepowered/asm/mixin/injection/callback/CallbackInfo;)V won't be passed a CallbackInfo as a result
[16:01:20] [main/DEBUG] (FabricLoader/Mixin) fabric-events-interaction-v0.client.mixins.json:MinecraftMixin from mod fabric-events-interaction-v0->@Inject::injectDoAttackForCancelling(Lorg/spongepowered/asm/mixin/injection/callback/CallbackInfoReturnable;)V does use it's CallbackInfoReturnable
[16:01:20] [main/DEBUG] (FabricLoader/Mixin) fabric-events-interaction-v0.client.mixins.json:MinecraftMixin from mod fabric-events-interaction-v0->@Inject::injectHandleBlockBreakingForCancelling(ZLorg/spongepowered/asm/mixin/injection/callback/CallbackInfo;)V does use it's CallbackInfo
[16:01:20] [main/DEBUG] (FabricLoader/Mixin) fabric-screen-api-v1.mixins.json:MinecraftMixin from mod fabric-screen-api-v1->@Inject::onInit(Lorg/spongepowered/asm/mixin/injection/callback/CallbackInfo;)V doesn't use it's CallbackInfo
[16:01:20] [main/DEBUG] (FabricLoader/Mixin) fabric-screen-api-v1.mixins.json:MinecraftMixin from mod fabric-screen-api-v1->@Inject::onInit(Lorg/spongepowered/asm/mixin/injection/callback/CallbackInfo;)V has 0 override(s) in child classes
[16:01:20] [main/DEBUG] (FabricLoader/Mixin) fabric-screen-api-v1.mixins.json:MinecraftMixin from mod fabric-screen-api-v1->@Inject::onInit(Lorg/spongepowered/asm/mixin/injection/callback/CallbackInfo;)V won't be passed a CallbackInfo as a result
[16:01:20] [main/DEBUG] (FabricLoader/Mixin) fabric-screen-api-v1.mixins.json:MinecraftMixin from mod fabric-screen-api-v1->@Inject::onScreenRemoveBecauseStopping(Lorg/spongepowered/asm/mixin/injection/callback/CallbackInfo;)V doesn't use it's CallbackInfo
[16:01:20] [main/DEBUG] (FabricLoader/Mixin) fabric-screen-api-v1.mixins.json:MinecraftMixin from mod fabric-screen-api-v1->@Inject::onScreenRemoveBecauseStopping(Lorg/spongepowered/asm/mixin/injection/callback/CallbackInfo;)V has 0 override(s) in child classes
[16:01:20] [main/DEBUG] (FabricLoader/Mixin) fabric-screen-api-v1.mixins.json:MinecraftMixin from mod fabric-screen-api-v1->@Inject::onScreenRemoveBecauseStopping(Lorg/spongepowered/asm/mixin/injection/callback/CallbackInfo;)V won't be passed a CallbackInfo as a result
[16:01:20] [main/DEBUG] (FabricLoader/Mixin) fabric-screen-api-v1.mixins.json:MinecraftMixin from mod fabric-screen-api-v1->@Inject::beforeLoadingScreenTick(Lorg/spongepowered/asm/mixin/injection/callback/CallbackInfo;)V doesn't use it's CallbackInfo
[16:01:20] [main/DEBUG] (FabricLoader/Mixin) fabric-screen-api-v1.mixins.json:MinecraftMixin from mod fabric-screen-api-v1->@Inject::beforeLoadingScreenTick(Lorg/spongepowered/asm/mixin/injection/callback/CallbackInfo;)V has 0 override(s) in child classes
[16:01:20] [main/DEBUG] (FabricLoader/Mixin) fabric-screen-api-v1.mixins.json:MinecraftMixin from mod fabric-screen-api-v1->@Inject::beforeLoadingScreenTick(Lorg/spongepowered/asm/mixin/injection/callback/CallbackInfo;)V won't be passed a CallbackInfo as a result
[16:01:20] [main/DEBUG] (FabricLoader/Mixin) fabric-screen-api-v1.mixins.json:MinecraftMixin from mod fabric-screen-api-v1->@Inject::afterLoadingScreenTick(Lorg/spongepowered/asm/mixin/injection/callback/CallbackInfo;)V doesn't use it's CallbackInfo
[16:01:20] [main/DEBUG] (FabricLoader/Mixin) fabric-screen-api-v1.mixins.json:MinecraftMixin from mod fabric-screen-api-v1->@Inject::afterLoadingScreenTick(Lorg/spongepowered/asm/mixin/injection/callback/CallbackInfo;)V has 0 override(s) in child classes
[16:01:20] [main/DEBUG] (FabricLoader/Mixin) fabric-screen-api-v1.mixins.json:MinecraftMixin from mod fabric-screen-api-v1->@Inject::afterLoadingScreenTick(Lorg/spongepowered/asm/mixin/injection/callback/CallbackInfo;)V won't be passed a CallbackInfo as a result
[16:01:20] [main/DEBUG] (FabricLoader/Mixin) fabric-data-generation-api-v1.client.mixins.json:MinecraftMixin from mod fabric-data-generation-api-v1->@Inject::main(Lorg/spongepowered/asm/mixin/injection/callback/CallbackInfo;)V doesn't use it's CallbackInfo
[16:01:20] [main/DEBUG] (FabricLoader/Mixin) fabric-data-generation-api-v1.client.mixins.json:MinecraftMixin from mod fabric-data-generation-api-v1->@Inject::main(Lorg/spongepowered/asm/mixin/injection/callback/CallbackInfo;)V has 0 override(s) in child classes
[16:01:20] [main/DEBUG] (FabricLoader/Mixin) fabric-data-generation-api-v1.client.mixins.json:MinecraftMixin from mod fabric-data-generation-api-v1->@Inject::main(Lorg/spongepowered/asm/mixin/injection/callback/CallbackInfo;)V won't be passed a CallbackInfo as a result
[16:01:20] [main/DEBUG] (FabricLoader/Mixin) Mixing ScreenAccessor from fabric-screen-api-v1.mixins.json into net.minecraft.client.gui.screens.Screen
[16:01:20] [main/DEBUG] (FabricLoader/Mixin) Mixing ScreenMixin from fabric-screen-api-v1.mixins.json into net.minecraft.client.gui.screens.Screen
[16:01:20] [main/DEBUG] (FabricLoader/Mixin) fabric-screen-api-v1.mixins.json:ScreenMixin from mod fabric-screen-api-v1->@Inject::extractWithTooltip(Lnet/minecraft/client/gui/GuiGraphicsExtractor;IIFLorg/spongepowered/asm/mixin/injection/callback/CallbackInfo;)V doesn't use it's CallbackInfo
[16:01:20] [main/DEBUG] (FabricLoader/Mixin) fabric-screen-api-v1.mixins.json:ScreenMixin from mod fabric-screen-api-v1->@Inject::beforeInitScreen(IILorg/spongepowered/asm/mixin/injection/callback/CallbackInfo;)V doesn't use it's CallbackInfo
[16:01:20] [main/DEBUG] (FabricLoader/Mixin) fabric-screen-api-v1.mixins.json:ScreenMixin from mod fabric-screen-api-v1->@Inject::beforeInitScreen(IILorg/spongepowered/asm/mixin/injection/callback/CallbackInfo;)V has 0 override(s) in child classes
[16:01:20] [main/DEBUG] (FabricLoader/Mixin) fabric-screen-api-v1.mixins.json:ScreenMixin from mod fabric-screen-api-v1->@Inject::beforeInitScreen(IILorg/spongepowered/asm/mixin/injection/callback/CallbackInfo;)V won't be passed a CallbackInfo as a result
[16:01:20] [main/DEBUG] (FabricLoader/Mixin) fabric-screen-api-v1.mixins.json:ScreenMixin from mod fabric-screen-api-v1->@Inject::afterInitScreen(IILorg/spongepowered/asm/mixin/injection/callback/CallbackInfo;)V doesn't use it's CallbackInfo
[16:01:20] [main/DEBUG] (FabricLoader/Mixin) fabric-screen-api-v1.mixins.json:ScreenMixin from mod fabric-screen-api-v1->@Inject::afterInitScreen(IILorg/spongepowered/asm/mixin/injection/callback/CallbackInfo;)V has 0 override(s) in child classes
[16:01:20] [main/DEBUG] (FabricLoader/Mixin) fabric-screen-api-v1.mixins.json:ScreenMixin from mod fabric-screen-api-v1->@Inject::afterInitScreen(IILorg/spongepowered/asm/mixin/injection/callback/CallbackInfo;)V won't be passed a CallbackInfo as a result
[16:01:20] [main/DEBUG] (FabricLoader/Mixin) fabric-screen-api-v1.mixins.json:ScreenMixin from mod fabric-screen-api-v1->@Inject::beforeResizeScreen(IILorg/spongepowered/asm/mixin/injection/callback/CallbackInfo;)V doesn't use it's CallbackInfo
[16:01:20] [main/DEBUG] (FabricLoader/Mixin) fabric-screen-api-v1.mixins.json:ScreenMixin from mod fabric-screen-api-v1->@Inject::beforeResizeScreen(IILorg/spongepowered/asm/mixin/injection/callback/CallbackInfo;)V has 0 override(s) in child classes
[16:01:20] [main/DEBUG] (FabricLoader/Mixin) fabric-screen-api-v1.mixins.json:ScreenMixin from mod fabric-screen-api-v1->@Inject::beforeResizeScreen(IILorg/spongepowered/asm/mixin/injection/callback/CallbackInfo;)V won't be passed a CallbackInfo as a result
[16:01:20] [main/DEBUG] (FabricLoader/Mixin) fabric-screen-api-v1.mixins.json:ScreenMixin from mod fabric-screen-api-v1->@Inject::afterResizeScreen(IILorg/spongepowered/asm/mixin/injection/callback/CallbackInfo;)V doesn't use it's CallbackInfo
[16:01:20] [main/DEBUG] (FabricLoader/Mixin) fabric-screen-api-v1.mixins.json:ScreenMixin from mod fabric-screen-api-v1->@Inject::afterResizeScreen(IILorg/spongepowered/asm/mixin/injection/callback/CallbackInfo;)V has 0 override(s) in child classes
[16:01:20] [main/DEBUG] (FabricLoader/Mixin) fabric-screen-api-v1.mixins.json:ScreenMixin from mod fabric-screen-api-v1->@Inject::afterResizeScreen(IILorg/spongepowered/asm/mixin/injection/callback/CallbackInfo;)V won't be passed a CallbackInfo as a result
[16:01:20] [main/DEBUG] (FabricLoader/Mixin) Mixing LivingEntityMixin from fabric-particles-v1.mixins.json into net.minecraft.world.entity.LivingEntity
[16:01:20] [main/DEBUG] (FabricLoader/Mixin) Mixing LivingEntityMixin from fabric-lifecycle-events-v1.mixins.json into net.minecraft.world.entity.LivingEntity
[16:01:20] [main/DEBUG] (FabricLoader/Mixin) Mixing LivingEntityMixin from fabric-block-api-v1.mixins.json into net.minecraft.world.entity.LivingEntity
[16:01:20] [main/DEBUG] (FabricLoader/Mixin) Mixing LivingEntityMixin from fabric-entity-events-v1.mixins.json into net.minecraft.world.entity.LivingEntity
[16:01:20] [main/DEBUG] (FabricLoader/Mixin) Mixing effect.LivingEntityMixin from fabric-entity-events-v1.mixins.json into net.minecraft.world.entity.LivingEntity
[16:01:20] [main/DEBUG] (FabricLoader/Mixin) Mixing elytra.LivingEntityMixin from fabric-entity-events-v1.mixins.json into net.minecraft.world.entity.LivingEntity
[16:01:20] [main/DEBUG] (FabricLoader/Mixin) Mixing LivingEntityMixin from fabric-item-api-v1.mixins.json into net.minecraft.world.entity.LivingEntity
[16:01:20] [main/DEBUG] (FabricLoader/Mixin) Mixing fluid.LivingEntityAccessor from fabric-content-registries-v0.mixins.json into net.minecraft.world.entity.LivingEntity
[16:01:20] [main/DEBUG] (FabricLoader/Mixin) Mixing fluid.LivingEntityMixin from fabric-content-registries-v0.mixins.json into net.minecraft.world.entity.LivingEntity
[16:01:20] [main/DEBUG] (FabricLoader/Mixin) fabric-lifecycle-events-v1.mixins.json:LivingEntityMixin from mod fabric-lifecycle-events-v1->@Inject::getEquipmentChanges(Lorg/spongepowered/asm/mixin/injection/callback/CallbackInfoReturnable;)V doesn't use it's CallbackInfoReturnable
[16:01:20] [main/DEBUG] (FabricLoader/Mixin) fabric-lifecycle-events-v1.mixins.json:LivingEntityMixin from mod fabric-lifecycle-events-v1->@Inject::getEquipmentChanges(Lorg/spongepowered/asm/mixin/injection/callback/CallbackInfoReturnable;)V has 0 override(s) in child classes
[16:01:20] [main/DEBUG] (FabricLoader/Mixin) fabric-lifecycle-events-v1.mixins.json:LivingEntityMixin from mod fabric-lifecycle-events-v1->@Inject::getEquipmentChanges(Lorg/spongepowered/asm/mixin/injection/callback/CallbackInfoReturnable;)V won't be passed a CallbackInfoReturnable as a result
[16:01:20] [main/DEBUG] (FabricLoader/Mixin) fabric-block-api-v1.mixins.json:LivingEntityMixin from mod fabric-block-api-v1->@Inject::allowTaggedBlocksForTrapdoorClimbing(Lnet/minecraft/core/BlockPos;Lnet/minecraft/world/level/block/state/BlockState;Lorg/spongepowered/asm/mixin/injection/callback/CallbackInfoReturnable;)V does use it's CallbackInfoReturnable
[16:01:20] [main/DEBUG] (FabricLoader/Mixin) fabric-entity-events-v1.mixins.json:LivingEntityMixin from mod fabric-entity-events-v1->@Inject::notifyDeath(Lnet/minecraft/world/damagesource/DamageSource;Lorg/spongepowered/asm/mixin/injection/callback/CallbackInfo;)V doesn't use it's CallbackInfo
[16:01:20] [main/DEBUG] (FabricLoader/Mixin) fabric-entity-events-v1.mixins.json:LivingEntityMixin from mod fabric-entity-events-v1->@Inject::notifyDeath(Lnet/minecraft/world/damagesource/DamageSource;Lorg/spongepowered/asm/mixin/injection/callback/CallbackInfo;)V has 0 override(s) in child classes
[16:01:20] [main/DEBUG] (FabricLoader/Mixin) fabric-entity-events-v1.mixins.json:LivingEntityMixin from mod fabric-entity-events-v1->@Inject::notifyDeath(Lnet/minecraft/world/damagesource/DamageSource;Lorg/spongepowered/asm/mixin/injection/callback/CallbackInfo;)V won't be passed a CallbackInfo as a result
[16:01:20] [main/DEBUG] (FabricLoader/Mixin) fabric-entity-events-v1.mixins.json:LivingEntityMixin from mod fabric-entity-events-v1->@Inject::beforeDamage(Lnet/minecraft/server/level/ServerLevel;Lnet/minecraft/world/damagesource/DamageSource;FLorg/spongepowered/asm/mixin/injection/callback/CallbackInfoReturnable;)V does use it's CallbackInfoReturnable
[16:01:20] [main/DEBUG] (FabricLoader/Mixin) fabric-entity-events-v1.mixins.json:LivingEntityMixin from mod fabric-entity-events-v1->@Inject::afterDamage(Lnet/minecraft/server/level/ServerLevel;Lnet/minecraft/world/damagesource/DamageSource;FLorg/spongepowered/asm/mixin/injection/callback/CallbackInfoReturnable;)V doesn't use it's CallbackInfoReturnable
[16:01:20] [main/DEBUG] (FabricLoader/Mixin) fabric-entity-events-v1.mixins.json:LivingEntityMixin from mod fabric-entity-events-v1->@Inject::afterDamage(Lnet/minecraft/server/level/ServerLevel;Lnet/minecraft/world/damagesource/DamageSource;FLorg/spongepowered/asm/mixin/injection/callback/CallbackInfoReturnable;)V has 0 override(s) in child classes
[16:01:20] [main/DEBUG] (FabricLoader/Mixin) fabric-entity-events-v1.mixins.json:LivingEntityMixin from mod fabric-entity-events-v1->@Inject::afterDamage(Lnet/minecraft/server/level/ServerLevel;Lnet/minecraft/world/damagesource/DamageSource;FLorg/spongepowered/asm/mixin/injection/callback/CallbackInfoReturnable;)V won't be passed a CallbackInfoReturnable as a result
[16:01:20] [main/DEBUG] (FabricLoader/Mixin) fabric-entity-events-v1.mixins.json:LivingEntityMixin from mod fabric-entity-events-v1->@Inject::onSleep(Lnet/minecraft/core/BlockPos;Lorg/spongepowered/asm/mixin/injection/callback/CallbackInfo;)V doesn't use it's CallbackInfo
[16:01:20] [main/DEBUG] (FabricLoader/Mixin) fabric-entity-events-v1.mixins.json:LivingEntityMixin from mod fabric-entity-events-v1->@Inject::onSleep(Lnet/minecraft/core/BlockPos;Lorg/spongepowered/asm/mixin/injection/callback/CallbackInfo;)V has 0 override(s) in child classes
[16:01:20] [main/DEBUG] (FabricLoader/Mixin) fabric-entity-events-v1.mixins.json:LivingEntityMixin from mod fabric-entity-events-v1->@Inject::onSleep(Lnet/minecraft/core/BlockPos;Lorg/spongepowered/asm/mixin/injection/callback/CallbackInfo;)V won't be passed a CallbackInfo as a result
[16:01:20] [main/DEBUG] (FabricLoader/Mixin) fabric-entity-events-v1.mixins.json:LivingEntityMixin from mod fabric-entity-events-v1->@Inject::onWakeUp(Lorg/spongepowered/asm/mixin/injection/callback/CallbackInfo;)V doesn't use it's CallbackInfo
[16:01:20] [main/DEBUG] (FabricLoader/Mixin) fabric-entity-events-v1.mixins.json:LivingEntityMixin from mod fabric-entity-events-v1->@Inject::onWakeUp(Lorg/spongepowered/asm/mixin/injection/callback/CallbackInfo;)V has 0 override(s) in child classes
[16:01:20] [main/DEBUG] (FabricLoader/Mixin) fabric-entity-events-v1.mixins.json:LivingEntityMixin from mod fabric-entity-events-v1->@Inject::onWakeUp(Lorg/spongepowered/asm/mixin/injection/callback/CallbackInfo;)V won't be passed a CallbackInfo as a result
[16:01:20] [main/DEBUG] (FabricLoader/Mixin) fabric-entity-events-v1.mixins.json:LivingEntityMixin from mod fabric-entity-events-v1->@Inject::onIsSleepingInBed(Lnet/minecraft/core/BlockPos;Lorg/spongepowered/asm/mixin/injection/callback/CallbackInfoReturnable;)V does use it's CallbackInfoReturnable
[16:01:20] [main/DEBUG] (FabricLoader/Mixin) fabric-entity-events-v1.mixins.json:effect.LivingEntityMixin from mod fabric-entity-events-v1->@Inject::beforeAddEffect(Lnet/minecraft/world/effect/MobEffectInstance;Lnet/minecraft/world/entity/Entity;Lorg/spongepowered/asm/mixin/injection/callback/CallbackInfoReturnable;)V doesn't use it's CallbackInfoReturnable
[16:01:20] [main/DEBUG] (FabricLoader/Mixin) fabric-entity-events-v1.mixins.json:effect.LivingEntityMixin from mod fabric-entity-events-v1->@Inject::beforeAddEffect(Lnet/minecraft/world/effect/MobEffectInstance;Lnet/minecraft/world/entity/Entity;Lorg/spongepowered/asm/mixin/injection/callback/CallbackInfoReturnable;)V has 0 override(s) in child classes
[16:01:20] [main/DEBUG] (FabricLoader/Mixin) fabric-entity-events-v1.mixins.json:effect.LivingEntityMixin from mod fabric-entity-events-v1->@Inject::beforeAddEffect(Lnet/minecraft/world/effect/MobEffectInstance;Lnet/minecraft/world/entity/Entity;Lorg/spongepowered/asm/mixin/injection/callback/CallbackInfoReturnable;)V won't be passed a CallbackInfoReturnable as a result
[16:01:20] [main/DEBUG] (FabricLoader/Mixin) fabric-entity-events-v1.mixins.json:effect.LivingEntityMixin from mod fabric-entity-events-v1->@Inject::beforeForceAddEffect(Lnet/minecraft/world/effect/MobEffectInstance;Lnet/minecraft/world/entity/Entity;Lorg/spongepowered/asm/mixin/injection/callback/CallbackInfo;)V doesn't use it's CallbackInfo
[16:01:20] [main/DEBUG] (FabricLoader/Mixin) fabric-entity-events-v1.mixins.json:effect.LivingEntityMixin from mod fabric-entity-events-v1->@Inject::beforeForceAddEffect(Lnet/minecraft/world/effect/MobEffectInstance;Lnet/minecraft/world/entity/Entity;Lorg/spongepowered/asm/mixin/injection/callback/CallbackInfo;)V has 0 override(s) in child classes
[16:01:20] [main/DEBUG] (FabricLoader/Mixin) fabric-entity-events-v1.mixins.json:effect.LivingEntityMixin from mod fabric-entity-events-v1->@Inject::beforeForceAddEffect(Lnet/minecraft/world/effect/MobEffectInstance;Lnet/minecraft/world/entity/Entity;Lorg/spongepowered/asm/mixin/injection/callback/CallbackInfo;)V won't be passed a CallbackInfo as a result
[16:01:20] [main/DEBUG] (FabricLoader/Mixin) fabric-entity-events-v1.mixins.json:effect.LivingEntityMixin from mod fabric-entity-events-v1->@Inject::afterAddEffect(Lnet/minecraft/world/effect/MobEffectInstance;Lnet/minecraft/world/entity/Entity;Lorg/spongepowered/asm/mixin/injection/callback/CallbackInfo;)V doesn't use it's CallbackInfo
[16:01:20] [main/DEBUG] (FabricLoader/Mixin) fabric-entity-events-v1.mixins.json:effect.LivingEntityMixin from mod fabric-entity-events-v1->@Inject::afterAddEffect(Lnet/minecraft/world/effect/MobEffectInstance;Lnet/minecraft/world/entity/Entity;Lorg/spongepowered/asm/mixin/injection/callback/CallbackInfo;)V has 0 override(s) in child classes
[16:01:20] [main/DEBUG] (FabricLoader/Mixin) fabric-entity-events-v1.mixins.json:effect.LivingEntityMixin from mod fabric-entity-events-v1->@Inject::afterAddEffect(Lnet/minecraft/world/effect/MobEffectInstance;Lnet/minecraft/world/entity/Entity;Lorg/spongepowered/asm/mixin/injection/callback/CallbackInfo;)V won't be passed a CallbackInfo as a result
[16:01:20] [main/DEBUG] (FabricLoader/Mixin) fabric-entity-events-v1.mixins.json:effect.LivingEntityMixin from mod fabric-entity-events-v1->@Inject::beforeRemoveEffect(Lnet/minecraft/core/Holder;Lorg/spongepowered/asm/mixin/injection/callback/CallbackInfoReturnable;)V doesn't use it's CallbackInfoReturnable
[16:01:20] [main/DEBUG] (FabricLoader/Mixin) fabric-entity-events-v1.mixins.json:effect.LivingEntityMixin from mod fabric-entity-events-v1->@Inject::beforeRemoveEffect(Lnet/minecraft/core/Holder;Lorg/spongepowered/asm/mixin/injection/callback/CallbackInfoReturnable;)V has 0 override(s) in child classes
[16:01:20] [main/DEBUG] (FabricLoader/Mixin) fabric-entity-events-v1.mixins.json:effect.LivingEntityMixin from mod fabric-entity-events-v1->@Inject::beforeRemoveEffect(Lnet/minecraft/core/Holder;Lorg/spongepowered/asm/mixin/injection/callback/CallbackInfoReturnable;)V won't be passed a CallbackInfoReturnable as a result
[16:01:20] [main/DEBUG] (FabricLoader/Mixin) fabric-entity-events-v1.mixins.json:effect.LivingEntityMixin from mod fabric-entity-events-v1->@Inject::beforeExpireRemoveEffect(Lorg/spongepowered/asm/mixin/injection/callback/CallbackInfo;)V doesn't use it's CallbackInfo
[16:01:20] [main/DEBUG] (FabricLoader/Mixin) fabric-entity-events-v1.mixins.json:effect.LivingEntityMixin from mod fabric-entity-events-v1->@Inject::beforeExpireRemoveEffect(Lorg/spongepowered/asm/mixin/injection/callback/CallbackInfo;)V has 0 override(s) in child classes
[16:01:20] [main/DEBUG] (FabricLoader/Mixin) fabric-entity-events-v1.mixins.json:effect.LivingEntityMixin from mod fabric-entity-events-v1->@Inject::beforeExpireRemoveEffect(Lorg/spongepowered/asm/mixin/injection/callback/CallbackInfo;)V won't be passed a CallbackInfo as a result
[16:01:20] [main/DEBUG] (FabricLoader/Mixin) fabric-entity-events-v1.mixins.json:effect.LivingEntityMixin from mod fabric-entity-events-v1->@Inject::beforeRemoveAllEffects(Lorg/spongepowered/asm/mixin/injection/callback/CallbackInfoReturnable;)V doesn't use it's CallbackInfoReturnable
[16:01:20] [main/DEBUG] (FabricLoader/Mixin) fabric-entity-events-v1.mixins.json:effect.LivingEntityMixin from mod fabric-entity-events-v1->@Inject::beforeRemoveAllEffects(Lorg/spongepowered/asm/mixin/injection/callback/CallbackInfoReturnable;)V has 0 override(s) in child classes
[16:01:20] [main/DEBUG] (FabricLoader/Mixin) fabric-entity-events-v1.mixins.json:effect.LivingEntityMixin from mod fabric-entity-events-v1->@Inject::beforeRemoveAllEffects(Lorg/spongepowered/asm/mixin/injection/callback/CallbackInfoReturnable;)V won't be passed a CallbackInfoReturnable as a result
[16:01:20] [main/DEBUG] (FabricLoader/Mixin) fabric-entity-events-v1.mixins.json:effect.LivingEntityMixin from mod fabric-entity-events-v1->@Inject::afterRemoveEffect(Ljava/util/Collection;Lorg/spongepowered/asm/mixin/injection/callback/CallbackInfo;)V doesn't use it's CallbackInfo
[16:01:20] [main/DEBUG] (FabricLoader/Mixin) fabric-entity-events-v1.mixins.json:effect.LivingEntityMixin from mod fabric-entity-events-v1->@Inject::afterRemoveEffect(Ljava/util/Collection;Lorg/spongepowered/asm/mixin/injection/callback/CallbackInfo;)V has 0 override(s) in child classes
[16:01:20] [main/DEBUG] (FabricLoader/Mixin) fabric-entity-events-v1.mixins.json:effect.LivingEntityMixin from mod fabric-entity-events-v1->@Inject::afterRemoveEffect(Ljava/util/Collection;Lorg/spongepowered/asm/mixin/injection/callback/CallbackInfo;)V won't be passed a CallbackInfo as a result
[16:01:20] [main/DEBUG] (FabricLoader/Mixin) fabric-entity-events-v1.mixins.json:effect.LivingEntityMixin from mod fabric-entity-events-v1->@Inject::afterRemoveEffect(Ljava/util/Collection;Lorg/spongepowered/asm/mixin/injection/callback/CallbackInfo;)V doesn't use it's CallbackInfo
[16:01:20] [main/DEBUG] (FabricLoader/Mixin) fabric-entity-events-v1.mixins.json:effect.LivingEntityMixin from mod fabric-entity-events-v1->@Inject::afterRemoveEffect(Ljava/util/Collection;Lorg/spongepowered/asm/mixin/injection/callback/CallbackInfo;)V has 0 override(s) in child classes
[16:01:20] [main/DEBUG] (FabricLoader/Mixin) fabric-entity-events-v1.mixins.json:effect.LivingEntityMixin from mod fabric-entity-events-v1->@Inject::afterRemoveEffect(Ljava/util/Collection;Lorg/spongepowered/asm/mixin/injection/callback/CallbackInfo;)V won't be passed a CallbackInfo as a result
[16:01:20] [main/DEBUG] (FabricLoader/Mixin) fabric-entity-events-v1.mixins.json:elytra.LivingEntityMixin from mod fabric-entity-events-v1->@Inject::injectElytraTick(Lorg/spongepowered/asm/mixin/injection/callback/CallbackInfo;)V does use it's CallbackInfo
[16:01:20] [main/DEBUG] (FabricLoader/Mixin) fabric-entity-events-v1.mixins.json:elytra.LivingEntityMixin from mod fabric-entity-events-v1->@Inject::injectElytraCheck(Lorg/spongepowered/asm/mixin/injection/callback/CallbackInfoReturnable;)V does use it's CallbackInfoReturnable
[16:01:20] [main/DEBUG] (FabricLoader/Mixin) fabric-item-api-v1.mixins.json:LivingEntityMixin from mod fabric-item-api-v1->@Inject::onGetPreferredEquipmentSlot(Lnet/minecraft/world/item/ItemStack;Lorg/spongepowered/asm/mixin/injection/callback/CallbackInfoReturnable;)V does use it's CallbackInfoReturnable
[16:01:20] [main/DEBUG] (FabricLoader/Mixin) fabric-content-registries-v0.mixins.json:fluid.LivingEntityMixin from mod fabric-content-registries-v0->@Inject::travelFlyingInCustomFluid(Lnet/minecraft/world/phys/Vec3;FFFLorg/spongepowered/asm/mixin/injection/callback/CallbackInfo;)V does use it's CallbackInfo
[16:01:20] [main/DEBUG] (FabricLoader/Mixin) Mixing EntityMixin from fabric-permission-api-v1.mixins.json into net.minecraft.world.entity.Entity
[16:01:20] [main/DEBUG] (FabricLoader/Mixin) Mixing EntityMixin from fabric-particles-v1.mixins.json into net.minecraft.world.entity.Entity
[16:01:20] [main/DEBUG] (FabricLoader/Mixin) Mixing EntityMixin from fabric-lifecycle-events-v1.mixins.json into net.minecraft.world.entity.Entity
[16:01:20] [main/DEBUG] (FabricLoader/Mixin) Mixing AttachmentTargetsMixin from fabric-data-attachment-api-v1.mixins.json into net.minecraft.world.entity.Entity
[16:01:20] [main/DEBUG] (FabricLoader/Mixin) Renaming synthetic method lambda$fabric_updateSyncTarget$0(Lnet/fabricmc/fabric/impl/attachment/sync/AttachmentTargetInfo;Lnet/fabricmc/fabric/impl/attachment/sync/AttachmentTargetInfo;Lnet/fabricmc/fabric/api/attachment/v1/AttachmentType;Lnet/fabricmc/fabric/impl/attachment/sync/AttachmentChange;)Lnet/fabricmc/fabric/impl/attachment/sync/AttachmentChange; to md643936$fabric-data-attachment-api-v1$lambda$fabric_updateSyncTarget$0$0 in fabric-data-attachment-api-v1.mixins.json:AttachmentTargetsMixin from mod fabric-data-attachment-api-v1
[16:01:20] [main/DEBUG] (FabricLoader/Mixin) Renaming synthetic method lambda$fabric_sendAndClearDeferredSyncChanges$0(Lnet/fabricmc/fabric/api/attachment/v1/AttachmentType;)Lnet/fabricmc/fabric/impl/attachment/sync/AttachmentChange; to md643936$fabric-data-attachment-api-v1$lambda$fabric_sendAndClearDeferredSyncChanges$0$1 in fabric-data-attachment-api-v1.mixins.json:AttachmentTargetsMixin from mod fabric-data-attachment-api-v1
[16:01:20] [main/DEBUG] (FabricLoader/Mixin) Renaming synthetic method lambda$fabric_readAttachmentsFromNbt$0(Lnet/fabricmc/fabric/api/attachment/v1/AttachmentType;Ljava/lang/Object;)V to md643936$fabric-data-attachment-api-v1$lambda$fabric_readAttachmentsFromNbt$0$2 in fabric-data-attachment-api-v1.mixins.json:AttachmentTargetsMixin from mod fabric-data-attachment-api-v1
[16:01:20] [main/DEBUG] (FabricLoader/Mixin) Renaming synthetic method lambda$onAttachedSet$0(Lnet/fabricmc/fabric/api/attachment/v1/AttachmentType;)Lnet/fabricmc/fabric/api/event/Event; to md643936$fabric-data-attachment-api-v1$lambda$onAttachedSet$0$3 in fabric-data-attachment-api-v1.mixins.json:AttachmentTargetsMixin from mod fabric-data-attachment-api-v1
[16:01:20] [main/DEBUG] (FabricLoader/Mixin) Renaming synthetic method lambda$onAttachedSet$1([Lnet/fabricmc/fabric/api/attachment/v1/AttachmentTarget$OnAttachedSet;)Lnet/fabricmc/fabric/api/attachment/v1/AttachmentTarget$OnAttachedSet; to md643936$fabric-data-attachment-api-v1$lambda$onAttachedSet$1$4 in fabric-data-attachment-api-v1.mixins.json:AttachmentTargetsMixin from mod fabric-data-attachment-api-v1
[16:01:20] [main/DEBUG] (FabricLoader/Mixin) Renaming synthetic method lambda$onAttachedSet$2([Lnet/fabricmc/fabric/api/attachment/v1/AttachmentTarget$OnAttachedSet;Ljava/lang/Object;Ljava/lang/Object;)V to md643936$fabric-data-attachment-api-v1$lambda$onAttachedSet$2$5 in fabric-data-attachment-api-v1.mixins.json:AttachmentTargetsMixin from mod fabric-data-attachment-api-v1
[16:01:20] [main/DEBUG] (FabricLoader/Mixin) Mixing EntityMixin from fabric-data-attachment-api-v1.mixins.json into net.minecraft.world.entity.Entity
[16:01:20] [main/DEBUG] (FabricLoader/Mixin) Renaming synthetic method lambda$fabric_syncChange$0(Lnet/fabricmc/fabric/api/attachment/v1/AttachmentSyncPredicate;Lnet/fabricmc/fabric/impl/attachment/sync/AttachmentChange;Lnet/minecraft/server/level/ServerPlayer;)V to md643936$fabric-data-attachment-api-v1$lambda$fabric_syncChange$0$6 in fabric-data-attachment-api-v1.mixins.json:EntityMixin from mod fabric-data-attachment-api-v1
[16:01:20] [main/DEBUG] (FabricLoader/Mixin) Mixing EntityMixin from fabric-debug-api-v1.mixins.json into net.minecraft.world.entity.Entity
[16:01:20] [main/DEBUG] (FabricLoader/Mixin) Mixing EntityMixin from fabric-entity-events-v1.mixins.json into net.minecraft.world.entity.Entity
[16:01:20] [main/DEBUG] (FabricLoader/Mixin) Mixing fluid.EntityAccessor from fabric-content-registries-v0.mixins.json into net.minecraft.world.entity.Entity
[16:01:20] [main/DEBUG] (FabricLoader/Mixin) Mixing fluid.EntityMixin from fabric-content-registries-v0.mixins.json into net.minecraft.world.entity.Entity
[16:01:20] [main/DEBUG] (FabricLoader/Mixin) fabric-permission-api-v1.mixins.json:EntityMixin from mod fabric-permission-api-v1->@Inject::createPermissionContext(Lnet/minecraft/world/entity/EntityType;Lnet/minecraft/world/level/Level;Lorg/spongepowered/asm/mixin/injection/callback/CallbackInfo;)V doesn't use it's CallbackInfo
[16:01:20] [main/DEBUG] (FabricLoader/Mixin) fabric-permission-api-v1.mixins.json:EntityMixin from mod fabric-permission-api-v1->@Inject::createPermissionContext(Lnet/minecraft/world/entity/EntityType;Lnet/minecraft/world/level/Level;Lorg/spongepowered/asm/mixin/injection/callback/CallbackInfo;)V has 0 override(s) in child classes
[16:01:20] [main/DEBUG] (FabricLoader/Mixin) fabric-permission-api-v1.mixins.json:EntityMixin from mod fabric-permission-api-v1->@Inject::createPermissionContext(Lnet/minecraft/world/entity/EntityType;Lnet/minecraft/world/level/Level;Lorg/spongepowered/asm/mixin/injection/callback/CallbackInfo;)V won't be passed a CallbackInfo as a result
[16:01:20] [main/DEBUG] (FabricLoader/Mixin) fabric-data-attachment-api-v1.mixins.json:EntityMixin from mod fabric-data-attachment-api-v1->@Inject::readEntityAttachments(Lnet/minecraft/world/level/storage/ValueInput;Lorg/spongepowered/asm/mixin/injection/callback/CallbackInfo;)V doesn't use it's CallbackInfo
[16:01:20] [main/DEBUG] (FabricLoader/Mixin) fabric-data-attachment-api-v1.mixins.json:EntityMixin from mod fabric-data-attachment-api-v1->@Inject::readEntityAttachments(Lnet/minecraft/world/level/storage/ValueInput;Lorg/spongepowered/asm/mixin/injection/callback/CallbackInfo;)V has 0 override(s) in child classes
[16:01:20] [main/DEBUG] (FabricLoader/Mixin) fabric-data-attachment-api-v1.mixins.json:EntityMixin from mod fabric-data-attachment-api-v1->@Inject::readEntityAttachments(Lnet/minecraft/world/level/storage/ValueInput;Lorg/spongepowered/asm/mixin/injection/callback/CallbackInfo;)V won't be passed a CallbackInfo as a result
[16:01:20] [main/DEBUG] (FabricLoader/Mixin) fabric-data-attachment-api-v1.mixins.json:EntityMixin from mod fabric-data-attachment-api-v1->@Inject::writeEntityAttachments(Lnet/minecraft/world/level/storage/ValueOutput;Lorg/spongepowered/asm/mixin/injection/callback/CallbackInfo;)V doesn't use it's CallbackInfo
[16:01:20] [main/DEBUG] (FabricLoader/Mixin) fabric-data-attachment-api-v1.mixins.json:EntityMixin from mod fabric-data-attachment-api-v1->@Inject::writeEntityAttachments(Lnet/minecraft/world/level/storage/ValueOutput;Lorg/spongepowered/asm/mixin/injection/callback/CallbackInfo;)V has 0 override(s) in child classes
[16:01:20] [main/DEBUG] (FabricLoader/Mixin) fabric-data-attachment-api-v1.mixins.json:EntityMixin from mod fabric-data-attachment-api-v1->@Inject::writeEntityAttachments(Lnet/minecraft/world/level/storage/ValueOutput;Lorg/spongepowered/asm/mixin/injection/callback/CallbackInfo;)V won't be passed a CallbackInfo as a result
[16:01:20] [main/DEBUG] (FabricLoader/Mixin) fabric-data-attachment-api-v1.mixins.json:EntityMixin from mod fabric-data-attachment-api-v1->@Inject::setId(ILorg/spongepowered/asm/mixin/injection/callback/CallbackInfo;)V doesn't use it's CallbackInfo
[16:01:20] [main/DEBUG] (FabricLoader/Mixin) fabric-data-attachment-api-v1.mixins.json:EntityMixin from mod fabric-data-attachment-api-v1->@Inject::setId(ILorg/spongepowered/asm/mixin/injection/callback/CallbackInfo;)V has 0 override(s) in child classes
[16:01:20] [main/DEBUG] (FabricLoader/Mixin) fabric-data-attachment-api-v1.mixins.json:EntityMixin from mod fabric-data-attachment-api-v1->@Inject::setId(ILorg/spongepowered/asm/mixin/injection/callback/CallbackInfo;)V won't be passed a CallbackInfo as a result
[16:01:20] [main/DEBUG] (FabricLoader/Mixin) fabric-debug-api-v1.mixins.json:EntityMixin from mod fabric-debug-api-v1->@Inject::addDebugValues(Lnet/minecraft/server/level/ServerLevel;Lnet/minecraft/util/debug/DebugValueSource$Registration;Lorg/spongepowered/asm/mixin/injection/callback/CallbackInfo;)V doesn't use it's CallbackInfo
[16:01:20] [main/DEBUG] (FabricLoader/Mixin) fabric-debug-api-v1.mixins.json:EntityMixin from mod fabric-debug-api-v1->@Inject::addDebugValues(Lnet/minecraft/server/level/ServerLevel;Lnet/minecraft/util/debug/DebugValueSource$Registration;Lorg/spongepowered/asm/mixin/injection/callback/CallbackInfo;)V has 0 override(s) in child classes
[16:01:20] [main/DEBUG] (FabricLoader/Mixin) fabric-debug-api-v1.mixins.json:EntityMixin from mod fabric-debug-api-v1->@Inject::addDebugValues(Lnet/minecraft/server/level/ServerLevel;Lnet/minecraft/util/debug/DebugValueSource$Registration;Lorg/spongepowered/asm/mixin/injection/callback/CallbackInfo;)V won't be passed a CallbackInfo as a result
[16:01:20] [main/DEBUG] (FabricLoader/Mixin) Mixing LocalPlayerMixin from fabric-networking-api-v1.client.mixins.json into net.minecraft.client.player.LocalPlayer
[16:01:20] [main/DEBUG] (FabricLoader/Mixin) Mixing LocalPlayerMixin from fabric-content-registries-v0.client.mixins.json into net.minecraft.client.player.LocalPlayer
[16:01:20] [main/DEBUG] (FabricLoader/Mixin) Mixing PlayerMixin from fabric-events-interaction-v0.mixins.json into net.minecraft.world.entity.player.Player
[16:01:20] [main/DEBUG] (FabricLoader/Mixin) Mixing PlayerMixin from fabric-entity-events-v1.mixins.json into net.minecraft.world.entity.player.Player
[16:01:20] [main/DEBUG] (FabricLoader/Mixin) fabric-events-interaction-v0.mixins.json:PlayerMixin from mod fabric-events-interaction-v0->@Inject::onPlayerInteractEntity(Lnet/minecraft/world/entity/Entity;Lorg/spongepowered/asm/mixin/injection/callback/CallbackInfo;)V does use it's CallbackInfo
[16:01:20] [main/DEBUG] (FabricLoader/Mixin) fabric-entity-events-v1.mixins.json:PlayerMixin from mod fabric-entity-events-v1->@Inject::onStartSleepInBed(Lnet/minecraft/core/BlockPos;Lorg/spongepowered/asm/mixin/injection/callback/CallbackInfoReturnable;)V does use it's CallbackInfoReturnable
[16:01:20] [main/DEBUG] (FabricLoader/Mixin) fabric-entity-events-v1.mixins.json:PlayerMixin from mod fabric-entity-events-v1->@Inject::onIsSleepingLongEnough(Lorg/spongepowered/asm/mixin/injection/callback/CallbackInfoReturnable;)V does use it's CallbackInfoReturnable
[16:01:20] [main/DEBUG] (FabricLoader/Mixin) Mixing AbstractContainerScreenMixin from fabric-screen-api-v1.mixins.json into net.minecraft.client.gui.screens.inventory.AbstractContainerScreen
[16:01:20] [main/DEBUG] (FabricLoader/Mixin) fabric-screen-api-v1.mixins.json:AbstractContainerScreenMixin from mod fabric-screen-api-v1->@Inject::callSuperMouseReleased(Lnet/minecraft/client/input/MouseButtonEvent;Lorg/spongepowered/asm/mixin/injection/callback/CallbackInfoReturnable;)V does use it's CallbackInfoReturnable
[16:01:20] [main/DEBUG] (FabricLoader/Mixin) fabric-screen-api-v1.mixins.json:AbstractContainerScreenMixin from mod fabric-screen-api-v1->@Inject::callSuperMouseReleased(Lnet/minecraft/client/input/MouseButtonEvent;DDLorg/spongepowered/asm/mixin/injection/callback/CallbackInfoReturnable;)V does use it's CallbackInfoReturnable
[16:01:20] [main/DEBUG] (oshi.util.FileUtil) Reading file /sys/devices/system/cpu/cpu11/uevent
[16:01:20] [main/DEBUG] (oshi.util.FileUtil) Reading file /sys/devices/system/cpu/cpu11/uevent
[16:01:20] [main/DEBUG] (oshi.util.FileUtil) Reading file /sys/devices/system/cpu/cpu11/topology/core_id
[16:01:20] [main/DEBUG] (oshi.util.FileUtil) Reading file /sys/devices/system/cpu/cpu11/topology/core_id
[16:01:20] [main/DEBUG] (oshi.util.FileUtil) Reading file /sys/devices/system/cpu/cpu11/topology/physical_package_id
[16:01:20] [main/DEBUG] (oshi.util.FileUtil) Reading file /sys/devices/system/cpu/cpu11/topology/physical_package_id
[16:01:20] [main/DEBUG] (oshi.util.FileUtil) Reading file /sys/devices/system/cpu/cpu11/cpu_capacity
[16:01:20] [main/DEBUG] (oshi.util.FileUtil) Reading file /sys/devices/system/cpu/cpu11/cpu_capacity
[16:01:20] [main/DEBUG] (oshi.util.FileUtil) Reading file /sys/devices/system/cpu/cpu11/cache/index2/level
[16:01:20] [main/DEBUG] (oshi.util.FileUtil) Reading file /sys/devices/system/cpu/cpu11/cache/index2/level
[16:01:20] [main/DEBUG] (oshi.util.FileUtil) Reading file /sys/devices/system/cpu/cpu11/cache/index2/type
[16:01:20] [main/DEBUG] (oshi.util.FileUtil) Reading file /sys/devices/system/cpu/cpu11/cache/index2/type
[16:01:20] [main/DEBUG] (oshi.util.FileUtil) Reading file /sys/devices/system/cpu/cpu11/cache/index2/ways_of_associativity
[16:01:20] [main/DEBUG] (oshi.util.FileUtil) Reading file /sys/devices/system/cpu/cpu11/cache/index2/ways_of_associativity
[16:01:20] [main/DEBUG] (oshi.util.FileUtil) Reading file /sys/devices/system/cpu/cpu11/cache/index2/coherency_line_size
[16:01:20] [main/DEBUG] (oshi.util.FileUtil) Reading file /sys/devices/system/cpu/cpu11/cache/index2/coherency_line_size
[16:01:20] [main/DEBUG] (oshi.util.FileUtil) Reading file /sys/devices/system/cpu/cpu11/cache/index2/size
[16:01:20] [main/DEBUG] (oshi.util.FileUtil) Reading file /sys/devices/system/cpu/cpu11/cache/index2/size
[16:01:20] [main/DEBUG] (oshi.util.FileUtil) Reading file /sys/devices/system/cpu/cpu11/cache/index0/level
[16:01:20] [main/DEBUG] (oshi.util.FileUtil) Reading file /sys/devices/system/cpu/cpu11/cache/index0/level
[16:01:20] [main/DEBUG] (oshi.util.FileUtil) Reading file /sys/devices/system/cpu/cpu11/cache/index0/type
[16:01:20] [main/DEBUG] (oshi.util.FileUtil) Reading file /sys/devices/system/cpu/cpu11/cache/index0/type
[16:01:20] [main/DEBUG] (oshi.util.FileUtil) Reading file /sys/devices/system/cpu/cpu11/cache/index0/ways_of_associativity
[16:01:20] [main/DEBUG] (oshi.util.FileUtil) Reading file /sys/devices/system/cpu/cpu11/cache/index0/ways_of_associativity
[16:01:20] [main/DEBUG] (oshi.util.FileUtil) Reading file /sys/devices/system/cpu/cpu11/cache/index0/coherency_line_size
[16:01:20] [main/DEBUG] (oshi.util.FileUtil) Reading file /sys/devices/system/cpu/cpu11/cache/index0/coherency_line_size
[16:01:20] [main/DEBUG] (oshi.util.FileUtil) Reading file /sys/devices/system/cpu/cpu11/cache/index0/size
[16:01:20] [main/DEBUG] (oshi.util.FileUtil) Reading file /sys/devices/system/cpu/cpu11/cache/index0/size
[16:01:20] [main/DEBUG] (oshi.util.FileUtil) Reading file /sys/devices/system/cpu/cpu11/cache/index3/level
[16:01:20] [main/DEBUG] (oshi.util.FileUtil) Reading file /sys/devices/system/cpu/cpu11/cache/index3/level
[16:01:20] [main/DEBUG] (oshi.util.FileUtil) Reading file /sys/devices/system/cpu/cpu11/cache/index3/type
[16:01:20] [main/DEBUG] (oshi.util.FileUtil) Reading file /sys/devices/system/cpu/cpu11/cache/index3/type
[16:01:20] [main/DEBUG] (oshi.util.FileUtil) Reading file /sys/devices/system/cpu/cpu11/cache/index3/ways_of_associativity
[16:01:20] [main/DEBUG] (oshi.util.FileUtil) Reading file /sys/devices/system/cpu/cpu11/cache/index3/ways_of_associativity
[16:01:20] [main/DEBUG] (oshi.util.FileUtil) Reading file /sys/devices/system/cpu/cpu11/cache/index3/coherency_line_size
[16:01:20] [main/DEBUG] (oshi.util.FileUtil) Reading file /sys/devices/system/cpu/cpu11/cache/index3/coherency_line_size
[16:01:20] [main/DEBUG] (oshi.util.FileUtil) Reading file /sys/devices/system/cpu/cpu11/cache/index3/size
[16:01:20] [main/DEBUG] (oshi.util.FileUtil) Reading file /sys/devices/system/cpu/cpu11/cache/index3/size
[16:01:20] [main/DEBUG] (oshi.util.FileUtil) Reading file /sys/devices/system/cpu/cpu11/cache/index1/level
[16:01:20] [main/DEBUG] (oshi.util.FileUtil) Reading file /sys/devices/system/cpu/cpu11/cache/index1/level
[16:01:20] [main/DEBUG] (oshi.util.FileUtil) Reading file /sys/devices/system/cpu/cpu11/cache/index1/type
[16:01:20] [main/DEBUG] (oshi.util.FileUtil) Reading file /sys/devices/system/cpu/cpu11/cache/index1/type
[16:01:20] [main/DEBUG] (oshi.util.FileUtil) Reading file /sys/devices/system/cpu/cpu11/cache/index1/ways_of_associativity
[16:01:20] [main/DEBUG] (oshi.util.FileUtil) Reading file /sys/devices/system/cpu/cpu11/cache/index1/ways_of_associativity
[16:01:20] [main/DEBUG] (oshi.util.FileUtil) Reading file /sys/devices/system/cpu/cpu11/cache/index1/coherency_line_size
[16:01:20] [main/DEBUG] (oshi.util.FileUtil) Reading file /sys/devices/system/cpu/cpu11/cache/index1/coherency_line_size
[16:01:20] [main/DEBUG] (oshi.util.FileUtil) Reading file /sys/devices/system/cpu/cpu11/cache/index1/size
[16:01:20] [main/DEBUG] (oshi.util.FileUtil) Reading file /sys/devices/system/cpu/cpu11/cache/index1/size
[16:01:20] [main/DEBUG] (oshi.util.FileUtil) Reading file /sys/devices/system/cpu/cpu9/uevent
[16:01:20] [main/DEBUG] (oshi.util.FileUtil) Reading file /sys/devices/system/cpu/cpu9/uevent
[16:01:20] [main/DEBUG] (oshi.util.FileUtil) Reading file /sys/devices/system/cpu/cpu9/topology/core_id
[16:01:20] [main/DEBUG] (oshi.util.FileUtil) Reading file /sys/devices/system/cpu/cpu9/topology/core_id
[16:01:20] [main/DEBUG] (oshi.util.FileUtil) Reading file /sys/devices/system/cpu/cpu9/topology/physical_package_id
[16:01:20] [main/DEBUG] (oshi.util.FileUtil) Reading file /sys/devices/system/cpu/cpu9/topology/physical_package_id
[16:01:20] [main/DEBUG] (oshi.util.FileUtil) Reading file /sys/devices/system/cpu/cpu9/cpu_capacity
[16:01:20] [main/DEBUG] (oshi.util.FileUtil) Reading file /sys/devices/system/cpu/cpu9/cpu_capacity
[16:01:20] [main/DEBUG] (oshi.util.FileUtil) Reading file /sys/devices/system/cpu/cpu9/cache/index2/level
[16:01:20] [main/DEBUG] (oshi.util.FileUtil) Reading file /sys/devices/system/cpu/cpu9/cache/index2/level
[16:01:20] [main/DEBUG] (oshi.util.FileUtil) Reading file /sys/devices/system/cpu/cpu9/cache/index2/type
[16:01:20] [main/DEBUG] (oshi.util.FileUtil) Reading file /sys/devices/system/cpu/cpu9/cache/index2/type
[16:01:20] [main/DEBUG] (oshi.util.FileUtil) Reading file /sys/devices/system/cpu/cpu9/cache/index2/ways_of_associativity
[16:01:20] [main/DEBUG] (oshi.util.FileUtil) Reading file /sys/devices/system/cpu/cpu9/cache/index2/ways_of_associativity
[16:01:20] [main/DEBUG] (oshi.util.FileUtil) Reading file /sys/devices/system/cpu/cpu9/cache/index2/coherency_line_size
[16:01:20] [main/DEBUG] (oshi.util.FileUtil) Reading file /sys/devices/system/cpu/cpu9/cache/index2/coherency_line_size
[16:01:20] [main/DEBUG] (oshi.util.FileUtil) Reading file /sys/devices/system/cpu/cpu9/cache/index2/size
[16:01:20] [main/DEBUG] (oshi.util.FileUtil) Reading file /sys/devices/system/cpu/cpu9/cache/index2/size
[16:01:20] [main/DEBUG] (oshi.util.FileUtil) Reading file /sys/devices/system/cpu/cpu9/cache/index0/level
[16:01:20] [main/DEBUG] (oshi.util.FileUtil) Reading file /sys/devices/system/cpu/cpu9/cache/index0/level
[16:01:20] [main/DEBUG] (oshi.util.FileUtil) Reading file /sys/devices/system/cpu/cpu9/cache/index0/type
[16:01:20] [main/DEBUG] (oshi.util.FileUtil) Reading file /sys/devices/system/cpu/cpu9/cache/index0/type
[16:01:20] [main/DEBUG] (oshi.util.FileUtil) Reading file /sys/devices/system/cpu/cpu9/cache/index0/ways_of_associativity
[16:01:20] [main/DEBUG] (oshi.util.FileUtil) Reading file /sys/devices/system/cpu/cpu9/cache/index0/ways_of_associativity
[16:01:20] [main/DEBUG] (oshi.util.FileUtil) Reading file /sys/devices/system/cpu/cpu9/cache/index0/coherency_line_size
[16:01:20] [main/DEBUG] (oshi.util.FileUtil) Reading file /sys/devices/system/cpu/cpu9/cache/index0/coherency_line_size
[16:01:20] [main/DEBUG] (oshi.util.FileUtil) Reading file /sys/devices/system/cpu/cpu9/cache/index0/size
[16:01:20] [main/DEBUG] (oshi.util.FileUtil) Reading file /sys/devices/system/cpu/cpu9/cache/index0/size
[16:01:20] [main/DEBUG] (oshi.util.FileUtil) Reading file /sys/devices/system/cpu/cpu9/cache/index3/level
[16:01:20] [main/DEBUG] (oshi.util.FileUtil) Reading file /sys/devices/system/cpu/cpu9/cache/index3/level
[16:01:20] [main/DEBUG] (oshi.util.FileUtil) Reading file /sys/devices/system/cpu/cpu9/cache/index3/type
[16:01:20] [main/DEBUG] (oshi.util.FileUtil) Reading file /sys/devices/system/cpu/cpu9/cache/index3/type
[16:01:20] [main/DEBUG] (oshi.util.FileUtil) Reading file /sys/devices/system/cpu/cpu9/cache/index3/ways_of_associativity
[16:01:20] [main/DEBUG] (oshi.util.FileUtil) Reading file /sys/devices/system/cpu/cpu9/cache/index3/ways_of_associativity
[16:01:20] [main/DEBUG] (oshi.util.FileUtil) Reading file /sys/devices/system/cpu/cpu9/cache/index3/coherency_line_size
[16:01:20] [main/DEBUG] (oshi.util.FileUtil) Reading file /sys/devices/system/cpu/cpu9/cache/index3/coherency_line_size
[16:01:20] [main/DEBUG] (oshi.util.FileUtil) Reading file /sys/devices/system/cpu/cpu9/cache/index3/size
[16:01:20] [main/DEBUG] (oshi.util.FileUtil) Reading file /sys/devices/system/cpu/cpu9/cache/index3/size
[16:01:20] [main/DEBUG] (oshi.util.FileUtil) Reading file /sys/devices/system/cpu/cpu9/cache/index1/level
[16:01:20] [main/DEBUG] (oshi.util.FileUtil) Reading file /sys/devices/system/cpu/cpu9/cache/index1/level
[16:01:20] [main/DEBUG] (oshi.util.FileUtil) Reading file /sys/devices/system/cpu/cpu9/cache/index1/type
[16:01:20] [main/DEBUG] (oshi.util.FileUtil) Reading file /sys/devices/system/cpu/cpu9/cache/index1/type
[16:01:20] [main/DEBUG] (oshi.util.FileUtil) Reading file /sys/devices/system/cpu/cpu9/cache/index1/ways_of_associativity
[16:01:20] [main/DEBUG] (oshi.util.FileUtil) Reading file /sys/devices/system/cpu/cpu9/cache/index1/ways_of_associativity
[16:01:20] [main/DEBUG] (oshi.util.FileUtil) Reading file /sys/devices/system/cpu/cpu9/cache/index1/coherency_line_size
[16:01:20] [main/DEBUG] (oshi.util.FileUtil) Reading file /sys/devices/system/cpu/cpu9/cache/index1/coherency_line_size
[16:01:20] [main/DEBUG] (oshi.util.FileUtil) Reading file /sys/devices/system/cpu/cpu9/cache/index1/size
[16:01:20] [main/DEBUG] (oshi.util.FileUtil) Reading file /sys/devices/system/cpu/cpu9/cache/index1/size
[16:01:20] [main/DEBUG] (oshi.util.FileUtil) Reading file /sys/devices/system/cpu/cpu7/uevent
[16:01:20] [main/DEBUG] (oshi.util.FileUtil) Reading file /sys/devices/system/cpu/cpu7/uevent
[16:01:20] [main/DEBUG] (oshi.util.FileUtil) Reading file /sys/devices/system/cpu/cpu7/topology/core_id
[16:01:20] [main/DEBUG] (oshi.util.FileUtil) Reading file /sys/devices/system/cpu/cpu7/topology/core_id
[16:01:20] [main/DEBUG] (oshi.util.FileUtil) Reading file /sys/devices/system/cpu/cpu7/topology/physical_package_id
[16:01:20] [main/DEBUG] (oshi.util.FileUtil) Reading file /sys/devices/system/cpu/cpu7/topology/physical_package_id
[16:01:20] [main/DEBUG] (oshi.util.FileUtil) Reading file /sys/devices/system/cpu/cpu7/cpu_capacity
[16:01:20] [main/DEBUG] (oshi.util.FileUtil) Reading file /sys/devices/system/cpu/cpu7/cpu_capacity
[16:01:20] [main/DEBUG] (oshi.util.FileUtil) Reading file /sys/devices/system/cpu/cpu7/cache/index2/level
[16:01:20] [main/DEBUG] (oshi.util.FileUtil) Reading file /sys/devices/system/cpu/cpu7/cache/index2/level
[16:01:20] [main/DEBUG] (oshi.util.FileUtil) Reading file /sys/devices/system/cpu/cpu7/cache/index2/type
[16:01:20] [main/DEBUG] (oshi.util.FileUtil) Reading file /sys/devices/system/cpu/cpu7/cache/index2/type
[16:01:20] [main/DEBUG] (oshi.util.FileUtil) Reading file /sys/devices/system/cpu/cpu7/cache/index2/ways_of_associativity
[16:01:20] [main/DEBUG] (oshi.util.FileUtil) Reading file /sys/devices/system/cpu/cpu7/cache/index2/ways_of_associativity
[16:01:20] [main/DEBUG] (oshi.util.FileUtil) Reading file /sys/devices/system/cpu/cpu7/cache/index2/coherency_line_size
[16:01:20] [main/DEBUG] (oshi.util.FileUtil) Reading file /sys/devices/system/cpu/cpu7/cache/index2/coherency_line_size
[16:01:20] [main/DEBUG] (oshi.util.FileUtil) Reading file /sys/devices/system/cpu/cpu7/cache/index2/size
[16:01:20] [main/DEBUG] (oshi.util.FileUtil) Reading file /sys/devices/system/cpu/cpu7/cache/index2/size
[16:01:20] [main/DEBUG] (oshi.util.FileUtil) Reading file /sys/devices/system/cpu/cpu7/cache/index0/level
[16:01:20] [main/DEBUG] (oshi.util.FileUtil) Reading file /sys/devices/system/cpu/cpu7/cache/index0/level
[16:01:20] [main/DEBUG] (oshi.util.FileUtil) Reading file /sys/devices/system/cpu/cpu7/cache/index0/type
[16:01:20] [main/DEBUG] (oshi.util.FileUtil) Reading file /sys/devices/system/cpu/cpu7/cache/index0/type
[16:01:20] [main/DEBUG] (oshi.util.FileUtil) Reading file /sys/devices/system/cpu/cpu7/cache/index0/ways_of_associativity
[16:01:20] [main/DEBUG] (oshi.util.FileUtil) Reading file /sys/devices/system/cpu/cpu7/cache/index0/ways_of_associativity
[16:01:20] [main/DEBUG] (oshi.util.FileUtil) Reading file /sys/devices/system/cpu/cpu7/cache/index0/coherency_line_size
[16:01:20] [main/DEBUG] (oshi.util.FileUtil) Reading file /sys/devices/system/cpu/cpu7/cache/index0/coherency_line_size
[16:01:20] [main/DEBUG] (oshi.util.FileUtil) Reading file /sys/devices/system/cpu/cpu7/cache/index0/size
[16:01:20] [main/DEBUG] (oshi.util.FileUtil) Reading file /sys/devices/system/cpu/cpu7/cache/index0/size
[16:01:20] [main/DEBUG] (oshi.util.FileUtil) Reading file /sys/devices/system/cpu/cpu7/cache/index3/level
[16:01:20] [main/DEBUG] (oshi.util.FileUtil) Reading file /sys/devices/system/cpu/cpu7/cache/index3/level
[16:01:20] [main/DEBUG] (oshi.util.FileUtil) Reading file /sys/devices/system/cpu/cpu7/cache/index3/type
[16:01:20] [main/DEBUG] (oshi.util.FileUtil) Reading file /sys/devices/system/cpu/cpu7/cache/index3/type
[16:01:20] [main/DEBUG] (oshi.util.FileUtil) Reading file /sys/devices/system/cpu/cpu7/cache/index3/ways_of_associativity
[16:01:20] [main/DEBUG] (oshi.util.FileUtil) Reading file /sys/devices/system/cpu/cpu7/cache/index3/ways_of_associativity
[16:01:20] [main/DEBUG] (oshi.util.FileUtil) Reading file /sys/devices/system/cpu/cpu7/cache/index3/coherency_line_size
[16:01:20] [main/DEBUG] (oshi.util.FileUtil) Reading file /sys/devices/system/cpu/cpu7/cache/index3/coherency_line_size
[16:01:20] [main/DEBUG] (oshi.util.FileUtil) Reading file /sys/devices/system/cpu/cpu7/cache/index3/size
[16:01:20] [main/DEBUG] (oshi.util.FileUtil) Reading file /sys/devices/system/cpu/cpu7/cache/index3/size
[16:01:20] [main/DEBUG] (oshi.util.FileUtil) Reading file /sys/devices/system/cpu/cpu7/cache/index1/level
[16:01:20] [main/DEBUG] (oshi.util.FileUtil) Reading file /sys/devices/system/cpu/cpu7/cache/index1/level
[16:01:20] [main/DEBUG] (oshi.util.FileUtil) Reading file /sys/devices/system/cpu/cpu7/cache/index1/type
[16:01:20] [main/DEBUG] (oshi.util.FileUtil) Reading file /sys/devices/system/cpu/cpu7/cache/index1/type
[16:01:20] [main/DEBUG] (oshi.util.FileUtil) Reading file /sys/devices/system/cpu/cpu7/cache/index1/ways_of_associativity
[16:01:20] [main/DEBUG] (oshi.util.FileUtil) Reading file /sys/devices/system/cpu/cpu7/cache/index1/ways_of_associativity
[16:01:20] [main/DEBUG] (oshi.util.FileUtil) Reading file /sys/devices/system/cpu/cpu7/cache/index1/coherency_line_size
[16:01:20] [main/DEBUG] (oshi.util.FileUtil) Reading file /sys/devices/system/cpu/cpu7/cache/index1/coherency_line_size
[16:01:20] [main/DEBUG] (oshi.util.FileUtil) Reading file /sys/devices/system/cpu/cpu7/cache/index1/size
[16:01:20] [main/DEBUG] (oshi.util.FileUtil) Reading file /sys/devices/system/cpu/cpu7/cache/index1/size
[16:01:20] [main/DEBUG] (oshi.util.FileUtil) Reading file /sys/devices/system/cpu/cpu5/uevent
[16:01:20] [main/DEBUG] (oshi.util.FileUtil) Reading file /sys/devices/system/cpu/cpu5/uevent
[16:01:20] [main/DEBUG] (oshi.util.FileUtil) Reading file /sys/devices/system/cpu/cpu5/topology/core_id
[16:01:20] [main/DEBUG] (oshi.util.FileUtil) Reading file /sys/devices/system/cpu/cpu5/topology/core_id
[16:01:20] [main/DEBUG] (oshi.util.FileUtil) Reading file /sys/devices/system/cpu/cpu5/topology/physical_package_id
[16:01:20] [main/DEBUG] (oshi.util.FileUtil) Reading file /sys/devices/system/cpu/cpu5/topology/physical_package_id
[16:01:20] [main/DEBUG] (oshi.util.FileUtil) Reading file /sys/devices/system/cpu/cpu5/cpu_capacity
[16:01:20] [main/DEBUG] (oshi.util.FileUtil) Reading file /sys/devices/system/cpu/cpu5/cpu_capacity
[16:01:20] [main/DEBUG] (oshi.util.FileUtil) Reading file /sys/devices/system/cpu/cpu5/cache/index2/level
[16:01:20] [main/DEBUG] (oshi.util.FileUtil) Reading file /sys/devices/system/cpu/cpu5/cache/index2/level
[16:01:20] [main/DEBUG] (oshi.util.FileUtil) Reading file /sys/devices/system/cpu/cpu5/cache/index2/type
[16:01:20] [main/DEBUG] (oshi.util.FileUtil) Reading file /sys/devices/system/cpu/cpu5/cache/index2/type
[16:01:20] [main/DEBUG] (oshi.util.FileUtil) Reading file /sys/devices/system/cpu/cpu5/cache/index2/ways_of_associativity
[16:01:20] [main/DEBUG] (oshi.util.FileUtil) Reading file /sys/devices/system/cpu/cpu5/cache/index2/ways_of_associativity
[16:01:20] [main/DEBUG] (oshi.util.FileUtil) Reading file /sys/devices/system/cpu/cpu5/cache/index2/coherency_line_size
[16:01:20] [main/DEBUG] (oshi.util.FileUtil) Reading file /sys/devices/system/cpu/cpu5/cache/index2/coherency_line_size
[16:01:20] [main/DEBUG] (oshi.util.FileUtil) Reading file /sys/devices/system/cpu/cpu5/cache/index2/size
[16:01:20] [main/DEBUG] (oshi.util.FileUtil) Reading file /sys/devices/system/cpu/cpu5/cache/index2/size
[16:01:20] [main/DEBUG] (oshi.util.FileUtil) Reading file /sys/devices/system/cpu/cpu5/cache/index0/level
[16:01:20] [main/DEBUG] (oshi.util.FileUtil) Reading file /sys/devices/system/cpu/cpu5/cache/index0/level
[16:01:20] [main/DEBUG] (oshi.util.FileUtil) Reading file /sys/devices/system/cpu/cpu5/cache/index0/type
[16:01:20] [main/DEBUG] (oshi.util.FileUtil) Reading file /sys/devices/system/cpu/cpu5/cache/index0/type
[16:01:20] [main/DEBUG] (oshi.util.FileUtil) Reading file /sys/devices/system/cpu/cpu5/cache/index0/ways_of_associativity
[16:01:20] [main/DEBUG] (oshi.util.FileUtil) Reading file /sys/devices/system/cpu/cpu5/cache/index0/ways_of_associativity
[16:01:20] [main/DEBUG] (oshi.util.FileUtil) Reading file /sys/devices/system/cpu/cpu5/cache/index0/coherency_line_size
[16:01:20] [main/DEBUG] (oshi.util.FileUtil) Reading file /sys/devices/system/cpu/cpu5/cache/index0/coherency_line_size
[16:01:20] [main/DEBUG] (oshi.util.FileUtil) Reading file /sys/devices/system/cpu/cpu5/cache/index0/size
[16:01:20] [main/DEBUG] (oshi.util.FileUtil) Reading file /sys/devices/system/cpu/cpu5/cache/index0/size
[16:01:20] [main/DEBUG] (oshi.util.FileUtil) Reading file /sys/devices/system/cpu/cpu5/cache/index3/level
[16:01:20] [main/DEBUG] (oshi.util.FileUtil) Reading file /sys/devices/system/cpu/cpu5/cache/index3/level
[16:01:20] [main/DEBUG] (oshi.util.FileUtil) Reading file /sys/devices/system/cpu/cpu5/cache/index3/type
[16:01:20] [main/DEBUG] (oshi.util.FileUtil) Reading file /sys/devices/system/cpu/cpu5/cache/index3/type
[16:01:20] [main/DEBUG] (oshi.util.FileUtil) Reading file /sys/devices/system/cpu/cpu5/cache/index3/ways_of_associativity
[16:01:20] [main/DEBUG] (oshi.util.FileUtil) Reading file /sys/devices/system/cpu/cpu5/cache/index3/ways_of_associativity
[16:01:20] [main/DEBUG] (oshi.util.FileUtil) Reading file /sys/devices/system/cpu/cpu5/cache/index3/coherency_line_size
[16:01:20] [main/DEBUG] (oshi.util.FileUtil) Reading file /sys/devices/system/cpu/cpu5/cache/index3/coherency_line_size
[16:01:20] [main/DEBUG] (oshi.util.FileUtil) Reading file /sys/devices/system/cpu/cpu5/cache/index3/size
[16:01:20] [main/DEBUG] (oshi.util.FileUtil) Reading file /sys/devices/system/cpu/cpu5/cache/index3/size
[16:01:20] [main/DEBUG] (oshi.util.FileUtil) Reading file /sys/devices/system/cpu/cpu5/cache/index1/level
[16:01:20] [main/DEBUG] (oshi.util.FileUtil) Reading file /sys/devices/system/cpu/cpu5/cache/index1/level
[16:01:20] [main/DEBUG] (oshi.util.FileUtil) Reading file /sys/devices/system/cpu/cpu5/cache/index1/type
[16:01:20] [main/DEBUG] (oshi.util.FileUtil) Reading file /sys/devices/system/cpu/cpu5/cache/index1/type
[16:01:20] [main/DEBUG] (oshi.util.FileUtil) Reading file /sys/devices/system/cpu/cpu5/cache/index1/ways_of_associativity
[16:01:20] [main/DEBUG] (oshi.util.FileUtil) Reading file /sys/devices/system/cpu/cpu5/cache/index1/ways_of_associativity
[16:01:20] [main/DEBUG] (oshi.util.FileUtil) Reading file /sys/devices/system/cpu/cpu5/cache/index1/coherency_line_size
[16:01:20] [main/DEBUG] (oshi.util.FileUtil) Reading file /sys/devices/system/cpu/cpu5/cache/index1/coherency_line_size
[16:01:20] [main/DEBUG] (oshi.util.FileUtil) Reading file /sys/devices/system/cpu/cpu5/cache/index1/size
[16:01:20] [main/DEBUG] (oshi.util.FileUtil) Reading file /sys/devices/system/cpu/cpu5/cache/index1/size
[16:01:20] [main/DEBUG] (oshi.util.FileUtil) Reading file /sys/devices/system/cpu/cpu3/uevent
[16:01:20] [main/DEBUG] (oshi.util.FileUtil) Reading file /sys/devices/system/cpu/cpu3/uevent
[16:01:20] [main/DEBUG] (oshi.util.FileUtil) Reading file /sys/devices/system/cpu/cpu3/topology/core_id
[16:01:20] [main/DEBUG] (oshi.util.FileUtil) Reading file /sys/devices/system/cpu/cpu3/topology/core_id
[16:01:20] [main/DEBUG] (oshi.util.FileUtil) Reading file /sys/devices/system/cpu/cpu3/topology/physical_package_id
[16:01:20] [main/DEBUG] (oshi.util.FileUtil) Reading file /sys/devices/system/cpu/cpu3/topology/physical_package_id
[16:01:20] [main/DEBUG] (oshi.util.FileUtil) Reading file /sys/devices/system/cpu/cpu3/cpu_capacity
[16:01:20] [main/DEBUG] (oshi.util.FileUtil) Reading file /sys/devices/system/cpu/cpu3/cpu_capacity
[16:01:20] [main/DEBUG] (oshi.util.FileUtil) Reading file /sys/devices/system/cpu/cpu3/cache/index2/level
[16:01:20] [main/DEBUG] (oshi.util.FileUtil) Reading file /sys/devices/system/cpu/cpu3/cache/index2/level
[16:01:20] [main/DEBUG] (oshi.util.FileUtil) Reading file /sys/devices/system/cpu/cpu3/cache/index2/type
[16:01:20] [main/DEBUG] (oshi.util.FileUtil) Reading file /sys/devices/system/cpu/cpu3/cache/index2/type
[16:01:20] [main/DEBUG] (oshi.util.FileUtil) Reading file /sys/devices/system/cpu/cpu3/cache/index2/ways_of_associativity
[16:01:20] [main/DEBUG] (oshi.util.FileUtil) Reading file /sys/devices/system/cpu/cpu3/cache/index2/ways_of_associativity
[16:01:20] [main/DEBUG] (oshi.util.FileUtil) Reading file /sys/devices/system/cpu/cpu3/cache/index2/coherency_line_size
[16:01:20] [main/DEBUG] (oshi.util.FileUtil) Reading file /sys/devices/system/cpu/cpu3/cache/index2/coherency_line_size
[16:01:20] [main/DEBUG] (oshi.util.FileUtil) Reading file /sys/devices/system/cpu/cpu3/cache/index2/size
[16:01:20] [main/DEBUG] (oshi.util.FileUtil) Reading file /sys/devices/system/cpu/cpu3/cache/index2/size
[16:01:20] [main/DEBUG] (oshi.util.FileUtil) Reading file /sys/devices/system/cpu/cpu3/cache/index0/level
[16:01:20] [main/DEBUG] (oshi.util.FileUtil) Reading file /sys/devices/system/cpu/cpu3/cache/index0/level
[16:01:20] [main/DEBUG] (oshi.util.FileUtil) Reading file /sys/devices/system/cpu/cpu3/cache/index0/type
[16:01:20] [main/DEBUG] (oshi.util.FileUtil) Reading file /sys/devices/system/cpu/cpu3/cache/index0/type
[16:01:20] [main/DEBUG] (oshi.util.FileUtil) Reading file /sys/devices/system/cpu/cpu3/cache/index0/ways_of_associativity
[16:01:20] [main/DEBUG] (oshi.util.FileUtil) Reading file /sys/devices/system/cpu/cpu3/cache/index0/ways_of_associativity
[16:01:20] [main/DEBUG] (oshi.util.FileUtil) Reading file /sys/devices/system/cpu/cpu3/cache/index0/coherency_line_size
[16:01:20] [main/DEBUG] (oshi.util.FileUtil) Reading file /sys/devices/system/cpu/cpu3/cache/index0/coherency_line_size
[16:01:20] [main/DEBUG] (oshi.util.FileUtil) Reading file /sys/devices/system/cpu/cpu3/cache/index0/size
[16:01:20] [main/DEBUG] (oshi.util.FileUtil) Reading file /sys/devices/system/cpu/cpu3/cache/index0/size
[16:01:20] [main/DEBUG] (oshi.util.FileUtil) Reading file /sys/devices/system/cpu/cpu3/cache/index3/level
[16:01:20] [main/DEBUG] (oshi.util.FileUtil) Reading file /sys/devices/system/cpu/cpu3/cache/index3/level
[16:01:20] [main/DEBUG] (oshi.util.FileUtil) Reading file /sys/devices/system/cpu/cpu3/cache/index3/type
[16:01:20] [main/DEBUG] (oshi.util.FileUtil) Reading file /sys/devices/system/cpu/cpu3/cache/index3/type
[16:01:20] [main/DEBUG] (oshi.util.FileUtil) Reading file /sys/devices/system/cpu/cpu3/cache/index3/ways_of_associativity
[16:01:20] [main/DEBUG] (oshi.util.FileUtil) Reading file /sys/devices/system/cpu/cpu3/cache/index3/ways_of_associativity
[16:01:20] [main/DEBUG] (oshi.util.FileUtil) Reading file /sys/devices/system/cpu/cpu3/cache/index3/coherency_line_size
[16:01:20] [main/DEBUG] (oshi.util.FileUtil) Reading file /sys/devices/system/cpu/cpu3/cache/index3/coherency_line_size
[16:01:20] [main/DEBUG] (oshi.util.FileUtil) Reading file /sys/devices/system/cpu/cpu3/cache/index3/size
[16:01:20] [main/DEBUG] (oshi.util.FileUtil) Reading file /sys/devices/system/cpu/cpu3/cache/index3/size
[16:01:20] [main/DEBUG] (oshi.util.FileUtil) Reading file /sys/devices/system/cpu/cpu3/cache/index1/level
[16:01:20] [main/DEBUG] (oshi.util.FileUtil) Reading file /sys/devices/system/cpu/cpu3/cache/index1/level
[16:01:20] [main/DEBUG] (oshi.util.FileUtil) Reading file /sys/devices/system/cpu/cpu3/cache/index1/type
[16:01:20] [main/DEBUG] (oshi.util.FileUtil) Reading file /sys/devices/system/cpu/cpu3/cache/index1/type
[16:01:20] [main/DEBUG] (oshi.util.FileUtil) Reading file /sys/devices/system/cpu/cpu3/cache/index1/ways_of_associativity
[16:01:20] [main/DEBUG] (oshi.util.FileUtil) Reading file /sys/devices/system/cpu/cpu3/cache/index1/ways_of_associativity
[16:01:20] [main/DEBUG] (oshi.util.FileUtil) Reading file /sys/devices/system/cpu/cpu3/cache/index1/coherency_line_size
[16:01:20] [main/DEBUG] (oshi.util.FileUtil) Reading file /sys/devices/system/cpu/cpu3/cache/index1/coherency_line_size
[16:01:20] [main/DEBUG] (oshi.util.FileUtil) Reading file /sys/devices/system/cpu/cpu3/cache/index1/size
[16:01:20] [main/DEBUG] (oshi.util.FileUtil) Reading file /sys/devices/system/cpu/cpu3/cache/index1/size
[16:01:20] [main/DEBUG] (oshi.util.FileUtil) Reading file /sys/devices/system/cpu/cpu14/uevent
[16:01:20] [main/DEBUG] (oshi.util.FileUtil) Reading file /sys/devices/system/cpu/cpu14/uevent
[16:01:20] [main/DEBUG] (oshi.util.FileUtil) Reading file /sys/devices/system/cpu/cpu14/topology/core_id
[16:01:20] [main/DEBUG] (oshi.util.FileUtil) Reading file /sys/devices/system/cpu/cpu14/topology/core_id
[16:01:20] [main/DEBUG] (oshi.util.FileUtil) Reading file /sys/devices/system/cpu/cpu14/topology/physical_package_id
[16:01:20] [main/DEBUG] (oshi.util.FileUtil) Reading file /sys/devices/system/cpu/cpu14/topology/physical_package_id
[16:01:20] [main/DEBUG] (oshi.util.FileUtil) Reading file /sys/devices/system/cpu/cpu14/cpu_capacity
[16:01:20] [main/DEBUG] (oshi.util.FileUtil) Reading file /sys/devices/system/cpu/cpu14/cpu_capacity
[16:01:20] [main/DEBUG] (oshi.util.FileUtil) Reading file /sys/devices/system/cpu/cpu14/cache/index2/level
[16:01:20] [main/DEBUG] (oshi.util.FileUtil) Reading file /sys/devices/system/cpu/cpu14/cache/index2/level
[16:01:20] [main/DEBUG] (oshi.util.FileUtil) Reading file /sys/devices/system/cpu/cpu14/cache/index2/type
[16:01:20] [main/DEBUG] (oshi.util.FileUtil) Reading file /sys/devices/system/cpu/cpu14/cache/index2/type
[16:01:20] [main/DEBUG] (oshi.util.FileUtil) Reading file /sys/devices/system/cpu/cpu14/cache/index2/ways_of_associativity
[16:01:20] [main/DEBUG] (oshi.util.FileUtil) Reading file /sys/devices/system/cpu/cpu14/cache/index2/ways_of_associativity
[16:01:20] [main/DEBUG] (oshi.util.FileUtil) Reading file /sys/devices/system/cpu/cpu14/cache/index2/coherency_line_size
[16:01:20] [main/DEBUG] (oshi.util.FileUtil) Reading file /sys/devices/system/cpu/cpu14/cache/index2/coherency_line_size
[16:01:20] [main/DEBUG] (oshi.util.FileUtil) Reading file /sys/devices/system/cpu/cpu14/cache/index2/size
[16:01:20] [main/DEBUG] (oshi.util.FileUtil) Reading file /sys/devices/system/cpu/cpu14/cache/index2/size
[16:01:20] [main/DEBUG] (oshi.util.FileUtil) Reading file /sys/devices/system/cpu/cpu14/cache/index0/level
[16:01:20] [main/DEBUG] (oshi.util.FileUtil) Reading file /sys/devices/system/cpu/cpu14/cache/index0/level
[16:01:20] [main/DEBUG] (oshi.util.FileUtil) Reading file /sys/devices/system/cpu/cpu14/cache/index0/type
[16:01:20] [main/DEBUG] (oshi.util.FileUtil) Reading file /sys/devices/system/cpu/cpu14/cache/index0/type
[16:01:20] [main/DEBUG] (oshi.util.FileUtil) Reading file /sys/devices/system/cpu/cpu14/cache/index0/ways_of_associativity
[16:01:20] [main/DEBUG] (oshi.util.FileUtil) Reading file /sys/devices/system/cpu/cpu14/cache/index0/ways_of_associativity
[16:01:20] [main/DEBUG] (oshi.util.FileUtil) Reading file /sys/devices/system/cpu/cpu14/cache/index0/coherency_line_size
[16:01:20] [main/DEBUG] (oshi.util.FileUtil) Reading file /sys/devices/system/cpu/cpu14/cache/index0/coherency_line_size
[16:01:20] [main/DEBUG] (oshi.util.FileUtil) Reading file /sys/devices/system/cpu/cpu14/cache/index0/size
[16:01:20] [main/DEBUG] (oshi.util.FileUtil) Reading file /sys/devices/system/cpu/cpu14/cache/index0/size
[16:01:20] [main/DEBUG] (oshi.util.FileUtil) Reading file /sys/devices/system/cpu/cpu14/cache/index3/level
[16:01:20] [main/DEBUG] (oshi.util.FileUtil) Reading file /sys/devices/system/cpu/cpu14/cache/index3/level
[16:01:20] [main/DEBUG] (oshi.util.FileUtil) Reading file /sys/devices/system/cpu/cpu14/cache/index3/type
[16:01:20] [main/DEBUG] (oshi.util.FileUtil) Reading file /sys/devices/system/cpu/cpu14/cache/index3/type
[16:01:20] [main/DEBUG] (oshi.util.FileUtil) Reading file /sys/devices/system/cpu/cpu14/cache/index3/ways_of_associativity
[16:01:20] [main/DEBUG] (oshi.util.FileUtil) Reading file /sys/devices/system/cpu/cpu14/cache/index3/ways_of_associativity
[16:01:20] [main/DEBUG] (oshi.util.FileUtil) Reading file /sys/devices/system/cpu/cpu14/cache/index3/coherency_line_size
[16:01:20] [main/DEBUG] (oshi.util.FileUtil) Reading file /sys/devices/system/cpu/cpu14/cache/index3/coherency_line_size
[16:01:20] [main/DEBUG] (oshi.util.FileUtil) Reading file /sys/devices/system/cpu/cpu14/cache/index3/size
[16:01:20] [main/DEBUG] (oshi.util.FileUtil) Reading file /sys/devices/system/cpu/cpu14/cache/index3/size
[16:01:20] [main/DEBUG] (oshi.util.FileUtil) Reading file /sys/devices/system/cpu/cpu14/cache/index1/level
[16:01:20] [main/DEBUG] (oshi.util.FileUtil) Reading file /sys/devices/system/cpu/cpu14/cache/index1/level
[16:01:20] [main/DEBUG] (oshi.util.FileUtil) Reading file /sys/devices/system/cpu/cpu14/cache/index1/type
[16:01:20] [main/DEBUG] (oshi.util.FileUtil) Reading file /sys/devices/system/cpu/cpu14/cache/index1/type
[16:01:20] [main/DEBUG] (oshi.util.FileUtil) Reading file /sys/devices/system/cpu/cpu14/cache/index1/ways_of_associativity
[16:01:20] [main/DEBUG] (oshi.util.FileUtil) Reading file /sys/devices/system/cpu/cpu14/cache/index1/ways_of_associativity
[16:01:20] [main/DEBUG] (oshi.util.FileUtil) Reading file /sys/devices/system/cpu/cpu14/cache/index1/coherency_line_size
[16:01:20] [main/DEBUG] (oshi.util.FileUtil) Reading file /sys/devices/system/cpu/cpu14/cache/index1/coherency_line_size
[16:01:20] [main/DEBUG] (oshi.util.FileUtil) Reading file /sys/devices/system/cpu/cpu14/cache/index1/size
[16:01:20] [main/DEBUG] (oshi.util.FileUtil) Reading file /sys/devices/system/cpu/cpu14/cache/index1/size
[16:01:20] [main/DEBUG] (oshi.util.FileUtil) Reading file /sys/devices/system/cpu/cpu1/uevent
[16:01:20] [main/DEBUG] (oshi.util.FileUtil) Reading file /sys/devices/system/cpu/cpu1/uevent
[16:01:20] [main/DEBUG] (oshi.util.FileUtil) Reading file /sys/devices/system/cpu/cpu1/topology/core_id
[16:01:20] [main/DEBUG] (oshi.util.FileUtil) Reading file /sys/devices/system/cpu/cpu1/topology/core_id
[16:01:20] [main/DEBUG] (oshi.util.FileUtil) Reading file /sys/devices/system/cpu/cpu1/topology/physical_package_id
[16:01:20] [main/DEBUG] (oshi.util.FileUtil) Reading file /sys/devices/system/cpu/cpu1/topology/physical_package_id
[16:01:20] [main/DEBUG] (oshi.util.FileUtil) Reading file /sys/devices/system/cpu/cpu1/cpu_capacity
[16:01:20] [main/DEBUG] (oshi.util.FileUtil) Reading file /sys/devices/system/cpu/cpu1/cpu_capacity
[16:01:20] [main/DEBUG] (oshi.util.FileUtil) Reading file /sys/devices/system/cpu/cpu1/cache/index2/level
[16:01:20] [main/DEBUG] (oshi.util.FileUtil) Reading file /sys/devices/system/cpu/cpu1/cache/index2/level
[16:01:20] [main/DEBUG] (oshi.util.FileUtil) Reading file /sys/devices/system/cpu/cpu1/cache/index2/type
[16:01:20] [main/DEBUG] (oshi.util.FileUtil) Reading file /sys/devices/system/cpu/cpu1/cache/index2/type
[16:01:20] [main/DEBUG] (oshi.util.FileUtil) Reading file /sys/devices/system/cpu/cpu1/cache/index2/ways_of_associativity
[16:01:20] [main/DEBUG] (oshi.util.FileUtil) Reading file /sys/devices/system/cpu/cpu1/cache/index2/ways_of_associativity
[16:01:20] [main/DEBUG] (oshi.util.FileUtil) Reading file /sys/devices/system/cpu/cpu1/cache/index2/coherency_line_size
[16:01:20] [main/DEBUG] (oshi.util.FileUtil) Reading file /sys/devices/system/cpu/cpu1/cache/index2/coherency_line_size
[16:01:20] [main/DEBUG] (oshi.util.FileUtil) Reading file /sys/devices/system/cpu/cpu1/cache/index2/size
[16:01:20] [main/DEBUG] (oshi.util.FileUtil) Reading file /sys/devices/system/cpu/cpu1/cache/index2/size
[16:01:20] [main/DEBUG] (oshi.util.FileUtil) Reading file /sys/devices/system/cpu/cpu1/cache/index0/level
[16:01:20] [main/DEBUG] (oshi.util.FileUtil) Reading file /sys/devices/system/cpu/cpu1/cache/index0/level
[16:01:20] [main/DEBUG] (oshi.util.FileUtil) Reading file /sys/devices/system/cpu/cpu1/cache/index0/type
[16:01:20] [main/DEBUG] (oshi.util.FileUtil) Reading file /sys/devices/system/cpu/cpu1/cache/index0/type
[16:01:20] [main/DEBUG] (oshi.util.FileUtil) Reading file /sys/devices/system/cpu/cpu1/cache/index0/ways_of_associativity
[16:01:20] [main/DEBUG] (oshi.util.FileUtil) Reading file /sys/devices/system/cpu/cpu1/cache/index0/ways_of_associativity
[16:01:20] [main/DEBUG] (oshi.util.FileUtil) Reading file /sys/devices/system/cpu/cpu1/cache/index0/coherency_line_size
[16:01:20] [main/DEBUG] (oshi.util.FileUtil) Reading file /sys/devices/system/cpu/cpu1/cache/index0/coherency_line_size
[16:01:20] [main/DEBUG] (oshi.util.FileUtil) Reading file /sys/devices/system/cpu/cpu1/cache/index0/size
[16:01:20] [main/DEBUG] (oshi.util.FileUtil) Reading file /sys/devices/system/cpu/cpu1/cache/index0/size
[16:01:20] [main/DEBUG] (oshi.util.FileUtil) Reading file /sys/devices/system/cpu/cpu1/cache/index3/level
[16:01:20] [main/DEBUG] (oshi.util.FileUtil) Reading file /sys/devices/system/cpu/cpu1/cache/index3/level
[16:01:20] [main/DEBUG] (oshi.util.FileUtil) Reading file /sys/devices/system/cpu/cpu1/cache/index3/type
[16:01:20] [main/DEBUG] (oshi.util.FileUtil) Reading file /sys/devices/system/cpu/cpu1/cache/index3/type
[16:01:20] [main/DEBUG] (oshi.util.FileUtil) Reading file /sys/devices/system/cpu/cpu1/cache/index3/ways_of_associativity
[16:01:20] [main/DEBUG] (oshi.util.FileUtil) Reading file /sys/devices/system/cpu/cpu1/cache/index3/ways_of_associativity
[16:01:20] [main/DEBUG] (oshi.util.FileUtil) Reading file /sys/devices/system/cpu/cpu1/cache/index3/coherency_line_size
[16:01:20] [main/DEBUG] (oshi.util.FileUtil) Reading file /sys/devices/system/cpu/cpu1/cache/index3/coherency_line_size
[16:01:20] [main/DEBUG] (oshi.util.FileUtil) Reading file /sys/devices/system/cpu/cpu1/cache/index3/size
[16:01:20] [main/DEBUG] (oshi.util.FileUtil) Reading file /sys/devices/system/cpu/cpu1/cache/index3/size
[16:01:20] [main/DEBUG] (oshi.util.FileUtil) Reading file /sys/devices/system/cpu/cpu1/cache/index1/level
[16:01:20] [main/DEBUG] (oshi.util.FileUtil) Reading file /sys/devices/system/cpu/cpu1/cache/index1/level
[16:01:20] [main/DEBUG] (oshi.util.FileUtil) Reading file /sys/devices/system/cpu/cpu1/cache/index1/type
[16:01:20] [main/DEBUG] (oshi.util.FileUtil) Reading file /sys/devices/system/cpu/cpu1/cache/index1/type
[16:01:20] [main/DEBUG] (oshi.util.FileUtil) Reading file /sys/devices/system/cpu/cpu1/cache/index1/ways_of_associativity
[16:01:20] [main/DEBUG] (oshi.util.FileUtil) Reading file /sys/devices/system/cpu/cpu1/cache/index1/ways_of_associativity
[16:01:20] [main/DEBUG] (oshi.util.FileUtil) Reading file /sys/devices/system/cpu/cpu1/cache/index1/coherency_line_size
[16:01:20] [main/DEBUG] (oshi.util.FileUtil) Reading file /sys/devices/system/cpu/cpu1/cache/index1/coherency_line_size
[16:01:20] [main/DEBUG] (oshi.util.FileUtil) Reading file /sys/devices/system/cpu/cpu1/cache/index1/size
[16:01:20] [main/DEBUG] (oshi.util.FileUtil) Reading file /sys/devices/system/cpu/cpu1/cache/index1/size
[16:01:20] [main/DEBUG] (oshi.util.FileUtil) Reading file /sys/devices/system/cpu/cpu12/uevent
[16:01:20] [main/DEBUG] (oshi.util.FileUtil) Reading file /sys/devices/system/cpu/cpu12/uevent
[16:01:20] [main/DEBUG] (oshi.util.FileUtil) Reading file /sys/devices/system/cpu/cpu12/topology/core_id
[16:01:20] [main/DEBUG] (oshi.util.FileUtil) Reading file /sys/devices/system/cpu/cpu12/topology/core_id
[16:01:20] [main/DEBUG] (oshi.util.FileUtil) Reading file /sys/devices/system/cpu/cpu12/topology/physical_package_id
[16:01:20] [main/DEBUG] (oshi.util.FileUtil) Reading file /sys/devices/system/cpu/cpu12/topology/physical_package_id
[16:01:20] [main/DEBUG] (oshi.util.FileUtil) Reading file /sys/devices/system/cpu/cpu12/cpu_capacity
[16:01:20] [main/DEBUG] (oshi.util.FileUtil) Reading file /sys/devices/system/cpu/cpu12/cpu_capacity
[16:01:20] [main/DEBUG] (oshi.util.FileUtil) Reading file /sys/devices/system/cpu/cpu12/cache/index2/level
[16:01:20] [main/DEBUG] (oshi.util.FileUtil) Reading file /sys/devices/system/cpu/cpu12/cache/index2/level
[16:01:20] [main/DEBUG] (oshi.util.FileUtil) Reading file /sys/devices/system/cpu/cpu12/cache/index2/type
[16:01:20] [main/DEBUG] (oshi.util.FileUtil) Reading file /sys/devices/system/cpu/cpu12/cache/index2/type
[16:01:20] [main/DEBUG] (oshi.util.FileUtil) Reading file /sys/devices/system/cpu/cpu12/cache/index2/ways_of_associativity
[16:01:20] [main/DEBUG] (oshi.util.FileUtil) Reading file /sys/devices/system/cpu/cpu12/cache/index2/ways_of_associativity
[16:01:20] [main/DEBUG] (oshi.util.FileUtil) Reading file /sys/devices/system/cpu/cpu12/cache/index2/coherency_line_size
[16:01:20] [main/DEBUG] (oshi.util.FileUtil) Reading file /sys/devices/system/cpu/cpu12/cache/index2/coherency_line_size
[16:01:20] [main/DEBUG] (oshi.util.FileUtil) Reading file /sys/devices/system/cpu/cpu12/cache/index2/size
[16:01:20] [main/DEBUG] (oshi.util.FileUtil) Reading file /sys/devices/system/cpu/cpu12/cache/index2/size
[16:01:20] [main/DEBUG] (oshi.util.FileUtil) Reading file /sys/devices/system/cpu/cpu12/cache/index0/level
[16:01:20] [main/DEBUG] (oshi.util.FileUtil) Reading file /sys/devices/system/cpu/cpu12/cache/index0/level
[16:01:20] [main/DEBUG] (oshi.util.FileUtil) Reading file /sys/devices/system/cpu/cpu12/cache/index0/type
[16:01:20] [main/DEBUG] (oshi.util.FileUtil) Reading file /sys/devices/system/cpu/cpu12/cache/index0/type
[16:01:20] [main/DEBUG] (oshi.util.FileUtil) Reading file /sys/devices/system/cpu/cpu12/cache/index0/ways_of_associativity
[16:01:20] [main/DEBUG] (oshi.util.FileUtil) Reading file /sys/devices/system/cpu/cpu12/cache/index0/ways_of_associativity
[16:01:20] [main/DEBUG] (oshi.util.FileUtil) Reading file /sys/devices/system/cpu/cpu12/cache/index0/coherency_line_size
[16:01:20] [main/DEBUG] (oshi.util.FileUtil) Reading file /sys/devices/system/cpu/cpu12/cache/index0/coherency_line_size
[16:01:20] [main/DEBUG] (oshi.util.FileUtil) Reading file /sys/devices/system/cpu/cpu12/cache/index0/size
[16:01:20] [main/DEBUG] (oshi.util.FileUtil) Reading file /sys/devices/system/cpu/cpu12/cache/index0/size
[16:01:20] [main/DEBUG] (oshi.util.FileUtil) Reading file /sys/devices/system/cpu/cpu12/cache/index3/level
[16:01:20] [main/DEBUG] (oshi.util.FileUtil) Reading file /sys/devices/system/cpu/cpu12/cache/index3/level
[16:01:20] [main/DEBUG] (oshi.util.FileUtil) Reading file /sys/devices/system/cpu/cpu12/cache/index3/type
[16:01:20] [main/DEBUG] (oshi.util.FileUtil) Reading file /sys/devices/system/cpu/cpu12/cache/index3/type
[16:01:20] [main/DEBUG] (oshi.util.FileUtil) Reading file /sys/devices/system/cpu/cpu12/cache/index3/ways_of_associativity
[16:01:20] [main/DEBUG] (oshi.util.FileUtil) Reading file /sys/devices/system/cpu/cpu12/cache/index3/ways_of_associativity
[16:01:20] [main/DEBUG] (oshi.util.FileUtil) Reading file /sys/devices/system/cpu/cpu12/cache/index3/coherency_line_size
[16:01:20] [main/DEBUG] (oshi.util.FileUtil) Reading file /sys/devices/system/cpu/cpu12/cache/index3/coherency_line_size
[16:01:20] [main/DEBUG] (oshi.util.FileUtil) Reading file /sys/devices/system/cpu/cpu12/cache/index3/size
[16:01:20] [main/DEBUG] (oshi.util.FileUtil) Reading file /sys/devices/system/cpu/cpu12/cache/index3/size
[16:01:20] [main/DEBUG] (oshi.util.FileUtil) Reading file /sys/devices/system/cpu/cpu12/cache/index1/level
[16:01:20] [main/DEBUG] (oshi.util.FileUtil) Reading file /sys/devices/system/cpu/cpu12/cache/index1/level
[16:01:20] [main/DEBUG] (oshi.util.FileUtil) Reading file /sys/devices/system/cpu/cpu12/cache/index1/type
[16:01:20] [main/DEBUG] (oshi.util.FileUtil) Reading file /sys/devices/system/cpu/cpu12/cache/index1/type
[16:01:20] [main/DEBUG] (oshi.util.FileUtil) Reading file /sys/devices/system/cpu/cpu12/cache/index1/ways_of_associativity
[16:01:20] [main/DEBUG] (oshi.util.FileUtil) Reading file /sys/devices/system/cpu/cpu12/cache/index1/ways_of_associativity
[16:01:20] [main/DEBUG] (oshi.util.FileUtil) Reading file /sys/devices/system/cpu/cpu12/cache/index1/coherency_line_size
[16:01:20] [main/DEBUG] (oshi.util.FileUtil) Reading file /sys/devices/system/cpu/cpu12/cache/index1/coherency_line_size
[16:01:20] [main/DEBUG] (oshi.util.FileUtil) Reading file /sys/devices/system/cpu/cpu12/cache/index1/size
[16:01:20] [main/DEBUG] (oshi.util.FileUtil) Reading file /sys/devices/system/cpu/cpu12/cache/index1/size
[16:01:20] [main/DEBUG] (oshi.util.FileUtil) Reading file /sys/devices/system/cpu/cpu10/uevent
[16:01:20] [main/DEBUG] (oshi.util.FileUtil) Reading file /sys/devices/system/cpu/cpu10/uevent
[16:01:20] [main/DEBUG] (oshi.util.FileUtil) Reading file /sys/devices/system/cpu/cpu10/topology/core_id
[16:01:20] [main/DEBUG] (oshi.util.FileUtil) Reading file /sys/devices/system/cpu/cpu10/topology/core_id
[16:01:20] [main/DEBUG] (oshi.util.FileUtil) Reading file /sys/devices/system/cpu/cpu10/topology/physical_package_id
[16:01:20] [main/DEBUG] (oshi.util.FileUtil) Reading file /sys/devices/system/cpu/cpu10/topology/physical_package_id
[16:01:20] [main/DEBUG] (oshi.util.FileUtil) Reading file /sys/devices/system/cpu/cpu10/cpu_capacity
[16:01:20] [main/DEBUG] (oshi.util.FileUtil) Reading file /sys/devices/system/cpu/cpu10/cpu_capacity
[16:01:20] [main/DEBUG] (oshi.util.FileUtil) Reading file /sys/devices/system/cpu/cpu10/cache/index2/level
[16:01:20] [main/DEBUG] (oshi.util.FileUtil) Reading file /sys/devices/system/cpu/cpu10/cache/index2/level
[16:01:20] [main/DEBUG] (oshi.util.FileUtil) Reading file /sys/devices/system/cpu/cpu10/cache/index2/type
[16:01:20] [main/DEBUG] (oshi.util.FileUtil) Reading file /sys/devices/system/cpu/cpu10/cache/index2/type
[16:01:20] [main/DEBUG] (oshi.util.FileUtil) Reading file /sys/devices/system/cpu/cpu10/cache/index2/ways_of_associativity
[16:01:20] [main/DEBUG] (oshi.util.FileUtil) Reading file /sys/devices/system/cpu/cpu10/cache/index2/ways_of_associativity
[16:01:20] [main/DEBUG] (oshi.util.FileUtil) Reading file /sys/devices/system/cpu/cpu10/cache/index2/coherency_line_size
[16:01:20] [main/DEBUG] (oshi.util.FileUtil) Reading file /sys/devices/system/cpu/cpu10/cache/index2/coherency_line_size
[16:01:20] [main/DEBUG] (oshi.util.FileUtil) Reading file /sys/devices/system/cpu/cpu10/cache/index2/size
[16:01:20] [main/DEBUG] (oshi.util.FileUtil) Reading file /sys/devices/system/cpu/cpu10/cache/index2/size
[16:01:20] [main/DEBUG] (oshi.util.FileUtil) Reading file /sys/devices/system/cpu/cpu10/cache/index0/level
[16:01:20] [main/DEBUG] (oshi.util.FileUtil) Reading file /sys/devices/system/cpu/cpu10/cache/index0/level
[16:01:20] [main/DEBUG] (oshi.util.FileUtil) Reading file /sys/devices/system/cpu/cpu10/cache/index0/type
[16:01:20] [main/DEBUG] (oshi.util.FileUtil) Reading file /sys/devices/system/cpu/cpu10/cache/index0/type
[16:01:20] [main/DEBUG] (oshi.util.FileUtil) Reading file /sys/devices/system/cpu/cpu10/cache/index0/ways_of_associativity
[16:01:20] [main/DEBUG] (oshi.util.FileUtil) Reading file /sys/devices/system/cpu/cpu10/cache/index0/ways_of_associativity
[16:01:20] [main/DEBUG] (oshi.util.FileUtil) Reading file /sys/devices/system/cpu/cpu10/cache/index0/coherency_line_size
[16:01:20] [main/DEBUG] (oshi.util.FileUtil) Reading file /sys/devices/system/cpu/cpu10/cache/index0/coherency_line_size
[16:01:20] [main/DEBUG] (oshi.util.FileUtil) Reading file /sys/devices/system/cpu/cpu10/cache/index0/size
[16:01:20] [main/DEBUG] (oshi.util.FileUtil) Reading file /sys/devices/system/cpu/cpu10/cache/index0/size
[16:01:20] [main/DEBUG] (oshi.util.FileUtil) Reading file /sys/devices/system/cpu/cpu10/cache/index3/level
[16:01:20] [main/DEBUG] (oshi.util.FileUtil) Reading file /sys/devices/system/cpu/cpu10/cache/index3/level
[16:01:20] [main/DEBUG] (oshi.util.FileUtil) Reading file /sys/devices/system/cpu/cpu10/cache/index3/type
[16:01:20] [main/DEBUG] (oshi.util.FileUtil) Reading file /sys/devices/system/cpu/cpu10/cache/index3/type
[16:01:20] [main/DEBUG] (oshi.util.FileUtil) Reading file /sys/devices/system/cpu/cpu10/cache/index3/ways_of_associativity
[16:01:20] [main/DEBUG] (oshi.util.FileUtil) Reading file /sys/devices/system/cpu/cpu10/cache/index3/ways_of_associativity
[16:01:20] [main/DEBUG] (oshi.util.FileUtil) Reading file /sys/devices/system/cpu/cpu10/cache/index3/coherency_line_size
[16:01:20] [main/DEBUG] (oshi.util.FileUtil) Reading file /sys/devices/system/cpu/cpu10/cache/index3/coherency_line_size
[16:01:20] [main/DEBUG] (oshi.util.FileUtil) Reading file /sys/devices/system/cpu/cpu10/cache/index3/size
[16:01:20] [main/DEBUG] (oshi.util.FileUtil) Reading file /sys/devices/system/cpu/cpu10/cache/index3/size
[16:01:20] [main/DEBUG] (oshi.util.FileUtil) Reading file /sys/devices/system/cpu/cpu10/cache/index1/level
[16:01:20] [main/DEBUG] (oshi.util.FileUtil) Reading file /sys/devices/system/cpu/cpu10/cache/index1/level
[16:01:20] [main/DEBUG] (oshi.util.FileUtil) Reading file /sys/devices/system/cpu/cpu10/cache/index1/type
[16:01:20] [main/DEBUG] (oshi.util.FileUtil) Reading file /sys/devices/system/cpu/cpu10/cache/index1/type
[16:01:20] [main/DEBUG] (oshi.util.FileUtil) Reading file /sys/devices/system/cpu/cpu10/cache/index1/ways_of_associativity
[16:01:20] [main/DEBUG] (oshi.util.FileUtil) Reading file /sys/devices/system/cpu/cpu10/cache/index1/ways_of_associativity
[16:01:20] [main/DEBUG] (oshi.util.FileUtil) Reading file /sys/devices/system/cpu/cpu10/cache/index1/coherency_line_size
[16:01:20] [main/DEBUG] (oshi.util.FileUtil) Reading file /sys/devices/system/cpu/cpu10/cache/index1/coherency_line_size
[16:01:20] [main/DEBUG] (oshi.util.FileUtil) Reading file /sys/devices/system/cpu/cpu10/cache/index1/size
[16:01:20] [main/DEBUG] (oshi.util.FileUtil) Reading file /sys/devices/system/cpu/cpu10/cache/index1/size
[16:01:20] [main/DEBUG] (oshi.util.FileUtil) Reading file /sys/devices/system/cpu/cpu8/uevent
[16:01:20] [main/DEBUG] (oshi.util.FileUtil) Reading file /sys/devices/system/cpu/cpu8/uevent
[16:01:20] [main/DEBUG] (oshi.util.FileUtil) Reading file /sys/devices/system/cpu/cpu8/topology/core_id
[16:01:20] [main/DEBUG] (oshi.util.FileUtil) Reading file /sys/devices/system/cpu/cpu8/topology/core_id
[16:01:20] [main/DEBUG] (oshi.util.FileUtil) Reading file /sys/devices/system/cpu/cpu8/topology/physical_package_id
[16:01:20] [main/DEBUG] (oshi.util.FileUtil) Reading file /sys/devices/system/cpu/cpu8/topology/physical_package_id
[16:01:20] [main/DEBUG] (oshi.util.FileUtil) Reading file /sys/devices/system/cpu/cpu8/cpu_capacity
[16:01:20] [main/DEBUG] (oshi.util.FileUtil) Reading file /sys/devices/system/cpu/cpu8/cpu_capacity
[16:01:20] [main/DEBUG] (oshi.util.FileUtil) Reading file /sys/devices/system/cpu/cpu8/cache/index2/level
[16:01:20] [main/DEBUG] (oshi.util.FileUtil) Reading file /sys/devices/system/cpu/cpu8/cache/index2/level
[16:01:20] [main/DEBUG] (oshi.util.FileUtil) Reading file /sys/devices/system/cpu/cpu8/cache/index2/type
[16:01:20] [main/DEBUG] (oshi.util.FileUtil) Reading file /sys/devices/system/cpu/cpu8/cache/index2/type
[16:01:20] [main/DEBUG] (oshi.util.FileUtil) Reading file /sys/devices/system/cpu/cpu8/cache/index2/ways_of_associativity
[16:01:20] [main/DEBUG] (oshi.util.FileUtil) Reading file /sys/devices/system/cpu/cpu8/cache/index2/ways_of_associativity
[16:01:20] [main/DEBUG] (oshi.util.FileUtil) Reading file /sys/devices/system/cpu/cpu8/cache/index2/coherency_line_size
[16:01:20] [main/DEBUG] (oshi.util.FileUtil) Reading file /sys/devices/system/cpu/cpu8/cache/index2/coherency_line_size
[16:01:20] [main/DEBUG] (oshi.util.FileUtil) Reading file /sys/devices/system/cpu/cpu8/cache/index2/size
[16:01:20] [main/DEBUG] (oshi.util.FileUtil) Reading file /sys/devices/system/cpu/cpu8/cache/index2/size
[16:01:20] [main/DEBUG] (oshi.util.FileUtil) Reading file /sys/devices/system/cpu/cpu8/cache/index0/level
[16:01:20] [main/DEBUG] (oshi.util.FileUtil) Reading file /sys/devices/system/cpu/cpu8/cache/index0/level
[16:01:20] [main/DEBUG] (oshi.util.FileUtil) Reading file /sys/devices/system/cpu/cpu8/cache/index0/type
[16:01:20] [main/DEBUG] (oshi.util.FileUtil) Reading file /sys/devices/system/cpu/cpu8/cache/index0/type
[16:01:20] [main/DEBUG] (oshi.util.FileUtil) Reading file /sys/devices/system/cpu/cpu8/cache/index0/ways_of_associativity
[16:01:20] [main/DEBUG] (oshi.util.FileUtil) Reading file /sys/devices/system/cpu/cpu8/cache/index0/ways_of_associativity
[16:01:20] [main/DEBUG] (oshi.util.FileUtil) Reading file /sys/devices/system/cpu/cpu8/cache/index0/coherency_line_size
[16:01:20] [main/DEBUG] (oshi.util.FileUtil) Reading file /sys/devices/system/cpu/cpu8/cache/index0/coherency_line_size
[16:01:20] [main/DEBUG] (oshi.util.FileUtil) Reading file /sys/devices/system/cpu/cpu8/cache/index0/size
[16:01:20] [main/DEBUG] (oshi.util.FileUtil) Reading file /sys/devices/system/cpu/cpu8/cache/index0/size
[16:01:20] [main/DEBUG] (oshi.util.FileUtil) Reading file /sys/devices/system/cpu/cpu8/cache/index3/level
[16:01:20] [main/DEBUG] (oshi.util.FileUtil) Reading file /sys/devices/system/cpu/cpu8/cache/index3/level
[16:01:20] [main/DEBUG] (oshi.util.FileUtil) Reading file /sys/devices/system/cpu/cpu8/cache/index3/type
[16:01:20] [main/DEBUG] (oshi.util.FileUtil) Reading file /sys/devices/system/cpu/cpu8/cache/index3/type
[16:01:20] [main/DEBUG] (oshi.util.FileUtil) Reading file /sys/devices/system/cpu/cpu8/cache/index3/ways_of_associativity
[16:01:20] [main/DEBUG] (oshi.util.FileUtil) Reading file /sys/devices/system/cpu/cpu8/cache/index3/ways_of_associativity
[16:01:20] [main/DEBUG] (oshi.util.FileUtil) Reading file /sys/devices/system/cpu/cpu8/cache/index3/coherency_line_size
[16:01:20] [main/DEBUG] (oshi.util.FileUtil) Reading file /sys/devices/system/cpu/cpu8/cache/index3/coherency_line_size
[16:01:20] [main/DEBUG] (oshi.util.FileUtil) Reading file /sys/devices/system/cpu/cpu8/cache/index3/size
[16:01:20] [main/DEBUG] (oshi.util.FileUtil) Reading file /sys/devices/system/cpu/cpu8/cache/index3/size
[16:01:20] [main/DEBUG] (oshi.util.FileUtil) Reading file /sys/devices/system/cpu/cpu8/cache/index1/level
[16:01:20] [main/DEBUG] (oshi.util.FileUtil) Reading file /sys/devices/system/cpu/cpu8/cache/index1/level
[16:01:20] [main/DEBUG] (oshi.util.FileUtil) Reading file /sys/devices/system/cpu/cpu8/cache/index1/type
[16:01:20] [main/DEBUG] (oshi.util.FileUtil) Reading file /sys/devices/system/cpu/cpu8/cache/index1/type
[16:01:20] [main/DEBUG] (oshi.util.FileUtil) Reading file /sys/devices/system/cpu/cpu8/cache/index1/ways_of_associativity
[16:01:20] [main/DEBUG] (oshi.util.FileUtil) Reading file /sys/devices/system/cpu/cpu8/cache/index1/ways_of_associativity
[16:01:20] [main/DEBUG] (oshi.util.FileUtil) Reading file /sys/devices/system/cpu/cpu8/cache/index1/coherency_line_size
[16:01:20] [main/DEBUG] (oshi.util.FileUtil) Reading file /sys/devices/system/cpu/cpu8/cache/index1/coherency_line_size
[16:01:20] [main/DEBUG] (oshi.util.FileUtil) Reading file /sys/devices/system/cpu/cpu8/cache/index1/size
[16:01:20] [main/DEBUG] (oshi.util.FileUtil) Reading file /sys/devices/system/cpu/cpu8/cache/index1/size
[16:01:20] [main/DEBUG] (oshi.util.FileUtil) Reading file /sys/devices/system/cpu/cpu6/uevent
[16:01:20] [main/DEBUG] (oshi.util.FileUtil) Reading file /sys/devices/system/cpu/cpu6/uevent
[16:01:20] [main/DEBUG] (oshi.util.FileUtil) Reading file /sys/devices/system/cpu/cpu6/topology/core_id
[16:01:20] [main/DEBUG] (oshi.util.FileUtil) Reading file /sys/devices/system/cpu/cpu6/topology/core_id
[16:01:20] [main/DEBUG] (oshi.util.FileUtil) Reading file /sys/devices/system/cpu/cpu6/topology/physical_package_id
[16:01:20] [main/DEBUG] (oshi.util.FileUtil) Reading file /sys/devices/system/cpu/cpu6/topology/physical_package_id
[16:01:20] [main/DEBUG] (oshi.util.FileUtil) Reading file /sys/devices/system/cpu/cpu6/cpu_capacity
[16:01:20] [main/DEBUG] (oshi.util.FileUtil) Reading file /sys/devices/system/cpu/cpu6/cpu_capacity
[16:01:20] [main/DEBUG] (oshi.util.FileUtil) Reading file /sys/devices/system/cpu/cpu6/cache/index2/level
[16:01:20] [main/DEBUG] (oshi.util.FileUtil) Reading file /sys/devices/system/cpu/cpu6/cache/index2/level
[16:01:20] [main/DEBUG] (oshi.util.FileUtil) Reading file /sys/devices/system/cpu/cpu6/cache/index2/type
[16:01:20] [main/DEBUG] (oshi.util.FileUtil) Reading file /sys/devices/system/cpu/cpu6/cache/index2/type
[16:01:20] [main/DEBUG] (oshi.util.FileUtil) Reading file /sys/devices/system/cpu/cpu6/cache/index2/ways_of_associativity
[16:01:20] [main/DEBUG] (oshi.util.FileUtil) Reading file /sys/devices/system/cpu/cpu6/cache/index2/ways_of_associativity
[16:01:20] [main/DEBUG] (oshi.util.FileUtil) Reading file /sys/devices/system/cpu/cpu6/cache/index2/coherency_line_size
[16:01:20] [main/DEBUG] (oshi.util.FileUtil) Reading file /sys/devices/system/cpu/cpu6/cache/index2/coherency_line_size
[16:01:20] [main/DEBUG] (oshi.util.FileUtil) Reading file /sys/devices/system/cpu/cpu6/cache/index2/size
[16:01:20] [main/DEBUG] (oshi.util.FileUtil) Reading file /sys/devices/system/cpu/cpu6/cache/index2/size
[16:01:20] [main/DEBUG] (oshi.util.FileUtil) Reading file /sys/devices/system/cpu/cpu6/cache/index0/level
[16:01:20] [main/DEBUG] (oshi.util.FileUtil) Reading file /sys/devices/system/cpu/cpu6/cache/index0/level
[16:01:20] [main/DEBUG] (oshi.util.FileUtil) Reading file /sys/devices/system/cpu/cpu6/cache/index0/type
[16:01:20] [main/DEBUG] (oshi.util.FileUtil) Reading file /sys/devices/system/cpu/cpu6/cache/index0/type
[16:01:20] [main/DEBUG] (oshi.util.FileUtil) Reading file /sys/devices/system/cpu/cpu6/cache/index0/ways_of_associativity
[16:01:20] [main/DEBUG] (oshi.util.FileUtil) Reading file /sys/devices/system/cpu/cpu6/cache/index0/ways_of_associativity
[16:01:20] [main/DEBUG] (oshi.util.FileUtil) Reading file /sys/devices/system/cpu/cpu6/cache/index0/coherency_line_size
[16:01:20] [main/DEBUG] (oshi.util.FileUtil) Reading file /sys/devices/system/cpu/cpu6/cache/index0/coherency_line_size
[16:01:20] [main/DEBUG] (oshi.util.FileUtil) Reading file /sys/devices/system/cpu/cpu6/cache/index0/size
[16:01:20] [main/DEBUG] (oshi.util.FileUtil) Reading file /sys/devices/system/cpu/cpu6/cache/index0/size
[16:01:20] [main/DEBUG] (oshi.util.FileUtil) Reading file /sys/devices/system/cpu/cpu6/cache/index3/level
[16:01:20] [main/DEBUG] (oshi.util.FileUtil) Reading file /sys/devices/system/cpu/cpu6/cache/index3/level
[16:01:20] [main/DEBUG] (oshi.util.FileUtil) Reading file /sys/devices/system/cpu/cpu6/cache/index3/type
[16:01:20] [main/DEBUG] (oshi.util.FileUtil) Reading file /sys/devices/system/cpu/cpu6/cache/index3/type
[16:01:20] [main/DEBUG] (oshi.util.FileUtil) Reading file /sys/devices/system/cpu/cpu6/cache/index3/ways_of_associativity
[16:01:20] [main/DEBUG] (oshi.util.FileUtil) Reading file /sys/devices/system/cpu/cpu6/cache/index3/ways_of_associativity
[16:01:20] [main/DEBUG] (oshi.util.FileUtil) Reading file /sys/devices/system/cpu/cpu6/cache/index3/coherency_line_size
[16:01:20] [main/DEBUG] (oshi.util.FileUtil) Reading file /sys/devices/system/cpu/cpu6/cache/index3/coherency_line_size
[16:01:20] [main/DEBUG] (oshi.util.FileUtil) Reading file /sys/devices/system/cpu/cpu6/cache/index3/size
[16:01:20] [main/DEBUG] (oshi.util.FileUtil) Reading file /sys/devices/system/cpu/cpu6/cache/index3/size
[16:01:20] [main/DEBUG] (oshi.util.FileUtil) Reading file /sys/devices/system/cpu/cpu6/cache/index1/level
[16:01:20] [main/DEBUG] (oshi.util.FileUtil) Reading file /sys/devices/system/cpu/cpu6/cache/index1/level
[16:01:20] [main/DEBUG] (oshi.util.FileUtil) Reading file /sys/devices/system/cpu/cpu6/cache/index1/type
[16:01:20] [main/DEBUG] (oshi.util.FileUtil) Reading file /sys/devices/system/cpu/cpu6/cache/index1/type
[16:01:20] [main/DEBUG] (oshi.util.FileUtil) Reading file /sys/devices/system/cpu/cpu6/cache/index1/ways_of_associativity
[16:01:20] [main/DEBUG] (oshi.util.FileUtil) Reading file /sys/devices/system/cpu/cpu6/cache/index1/ways_of_associativity
[16:01:20] [main/DEBUG] (oshi.util.FileUtil) Reading file /sys/devices/system/cpu/cpu6/cache/index1/coherency_line_size
[16:01:20] [main/DEBUG] (oshi.util.FileUtil) Reading file /sys/devices/system/cpu/cpu6/cache/index1/coherency_line_size
[16:01:20] [main/DEBUG] (oshi.util.FileUtil) Reading file /sys/devices/system/cpu/cpu6/cache/index1/size
[16:01:20] [main/DEBUG] (oshi.util.FileUtil) Reading file /sys/devices/system/cpu/cpu6/cache/index1/size
[16:01:20] [main/DEBUG] (oshi.util.FileUtil) Reading file /sys/devices/system/cpu/cpu4/uevent
[16:01:20] [main/DEBUG] (oshi.util.FileUtil) Reading file /sys/devices/system/cpu/cpu4/uevent
[16:01:20] [main/DEBUG] (oshi.util.FileUtil) Reading file /sys/devices/system/cpu/cpu4/topology/core_id
[16:01:20] [main/DEBUG] (oshi.util.FileUtil) Reading file /sys/devices/system/cpu/cpu4/topology/core_id
[16:01:20] [main/DEBUG] (oshi.util.FileUtil) Reading file /sys/devices/system/cpu/cpu4/topology/physical_package_id
[16:01:20] [main/DEBUG] (oshi.util.FileUtil) Reading file /sys/devices/system/cpu/cpu4/topology/physical_package_id
[16:01:20] [main/DEBUG] (oshi.util.FileUtil) Reading file /sys/devices/system/cpu/cpu4/cpu_capacity
[16:01:20] [main/DEBUG] (oshi.util.FileUtil) Reading file /sys/devices/system/cpu/cpu4/cpu_capacity
[16:01:20] [main/DEBUG] (oshi.util.FileUtil) Reading file /sys/devices/system/cpu/cpu4/cache/index2/level
[16:01:20] [main/DEBUG] (oshi.util.FileUtil) Reading file /sys/devices/system/cpu/cpu4/cache/index2/level
[16:01:20] [main/DEBUG] (oshi.util.FileUtil) Reading file /sys/devices/system/cpu/cpu4/cache/index2/type
[16:01:20] [main/DEBUG] (oshi.util.FileUtil) Reading file /sys/devices/system/cpu/cpu4/cache/index2/type
[16:01:20] [main/DEBUG] (oshi.util.FileUtil) Reading file /sys/devices/system/cpu/cpu4/cache/index2/ways_of_associativity
[16:01:20] [main/DEBUG] (oshi.util.FileUtil) Reading file /sys/devices/system/cpu/cpu4/cache/index2/ways_of_associativity
[16:01:20] [main/DEBUG] (oshi.util.FileUtil) Reading file /sys/devices/system/cpu/cpu4/cache/index2/coherency_line_size
[16:01:20] [main/DEBUG] (oshi.util.FileUtil) Reading file /sys/devices/system/cpu/cpu4/cache/index2/coherency_line_size
[16:01:20] [main/DEBUG] (oshi.util.FileUtil) Reading file /sys/devices/system/cpu/cpu4/cache/index2/size
[16:01:20] [main/DEBUG] (oshi.util.FileUtil) Reading file /sys/devices/system/cpu/cpu4/cache/index2/size
[16:01:20] [main/DEBUG] (oshi.util.FileUtil) Reading file /sys/devices/system/cpu/cpu4/cache/index0/level
[16:01:20] [main/DEBUG] (oshi.util.FileUtil) Reading file /sys/devices/system/cpu/cpu4/cache/index0/level
[16:01:20] [main/DEBUG] (oshi.util.FileUtil) Reading file /sys/devices/system/cpu/cpu4/cache/index0/type
[16:01:20] [main/DEBUG] (oshi.util.FileUtil) Reading file /sys/devices/system/cpu/cpu4/cache/index0/type
[16:01:20] [main/DEBUG] (oshi.util.FileUtil) Reading file /sys/devices/system/cpu/cpu4/cache/index0/ways_of_associativity
[16:01:20] [main/DEBUG] (oshi.util.FileUtil) Reading file /sys/devices/system/cpu/cpu4/cache/index0/ways_of_associativity
[16:01:20] [main/DEBUG] (oshi.util.FileUtil) Reading file /sys/devices/system/cpu/cpu4/cache/index0/coherency_line_size
[16:01:20] [main/DEBUG] (oshi.util.FileUtil) Reading file /sys/devices/system/cpu/cpu4/cache/index0/coherency_line_size
[16:01:20] [main/DEBUG] (oshi.util.FileUtil) Reading file /sys/devices/system/cpu/cpu4/cache/index0/size
[16:01:20] [main/DEBUG] (oshi.util.FileUtil) Reading file /sys/devices/system/cpu/cpu4/cache/index0/size
[16:01:20] [main/DEBUG] (oshi.util.FileUtil) Reading file /sys/devices/system/cpu/cpu4/cache/index3/level
[16:01:20] [main/DEBUG] (oshi.util.FileUtil) Reading file /sys/devices/system/cpu/cpu4/cache/index3/level
[16:01:20] [main/DEBUG] (oshi.util.FileUtil) Reading file /sys/devices/system/cpu/cpu4/cache/index3/type
[16:01:20] [main/DEBUG] (oshi.util.FileUtil) Reading file /sys/devices/system/cpu/cpu4/cache/index3/type
[16:01:20] [main/DEBUG] (oshi.util.FileUtil) Reading file /sys/devices/system/cpu/cpu4/cache/index3/ways_of_associativity
[16:01:20] [main/DEBUG] (oshi.util.FileUtil) Reading file /sys/devices/system/cpu/cpu4/cache/index3/ways_of_associativity
[16:01:20] [main/DEBUG] (oshi.util.FileUtil) Reading file /sys/devices/system/cpu/cpu4/cache/index3/coherency_line_size
[16:01:20] [main/DEBUG] (oshi.util.FileUtil) Reading file /sys/devices/system/cpu/cpu4/cache/index3/coherency_line_size
[16:01:20] [main/DEBUG] (oshi.util.FileUtil) Reading file /sys/devices/system/cpu/cpu4/cache/index3/size
[16:01:20] [main/DEBUG] (oshi.util.FileUtil) Reading file /sys/devices/system/cpu/cpu4/cache/index3/size
[16:01:20] [main/DEBUG] (oshi.util.FileUtil) Reading file /sys/devices/system/cpu/cpu4/cache/index1/level
[16:01:20] [main/DEBUG] (oshi.util.FileUtil) Reading file /sys/devices/system/cpu/cpu4/cache/index1/level
[16:01:20] [main/DEBUG] (oshi.util.FileUtil) Reading file /sys/devices/system/cpu/cpu4/cache/index1/type
[16:01:20] [main/DEBUG] (oshi.util.FileUtil) Reading file /sys/devices/system/cpu/cpu4/cache/index1/type
[16:01:20] [main/DEBUG] (oshi.util.FileUtil) Reading file /sys/devices/system/cpu/cpu4/cache/index1/ways_of_associativity
[16:01:20] [main/DEBUG] (oshi.util.FileUtil) Reading file /sys/devices/system/cpu/cpu4/cache/index1/ways_of_associativity
[16:01:20] [main/DEBUG] (oshi.util.FileUtil) Reading file /sys/devices/system/cpu/cpu4/cache/index1/coherency_line_size
[16:01:20] [main/DEBUG] (oshi.util.FileUtil) Reading file /sys/devices/system/cpu/cpu4/cache/index1/coherency_line_size
[16:01:20] [main/DEBUG] (oshi.util.FileUtil) Reading file /sys/devices/system/cpu/cpu4/cache/index1/size
[16:01:20] [main/DEBUG] (oshi.util.FileUtil) Reading file /sys/devices/system/cpu/cpu4/cache/index1/size
[16:01:20] [main/DEBUG] (oshi.util.FileUtil) Reading file /sys/devices/system/cpu/cpu15/uevent
[16:01:20] [main/DEBUG] (oshi.util.FileUtil) Reading file /sys/devices/system/cpu/cpu15/uevent
[16:01:20] [main/DEBUG] (oshi.util.FileUtil) Reading file /sys/devices/system/cpu/cpu15/topology/core_id
[16:01:20] [main/DEBUG] (oshi.util.FileUtil) Reading file /sys/devices/system/cpu/cpu15/topology/core_id
[16:01:20] [main/DEBUG] (oshi.util.FileUtil) Reading file /sys/devices/system/cpu/cpu15/topology/physical_package_id
[16:01:20] [main/DEBUG] (oshi.util.FileUtil) Reading file /sys/devices/system/cpu/cpu15/topology/physical_package_id
[16:01:20] [main/DEBUG] (oshi.util.FileUtil) Reading file /sys/devices/system/cpu/cpu15/cpu_capacity
[16:01:20] [main/DEBUG] (oshi.util.FileUtil) Reading file /sys/devices/system/cpu/cpu15/cpu_capacity
[16:01:20] [main/DEBUG] (oshi.util.FileUtil) Reading file /sys/devices/system/cpu/cpu15/cache/index2/level
[16:01:20] [main/DEBUG] (oshi.util.FileUtil) Reading file /sys/devices/system/cpu/cpu15/cache/index2/level
[16:01:20] [main/DEBUG] (oshi.util.FileUtil) Reading file /sys/devices/system/cpu/cpu15/cache/index2/type
[16:01:20] [main/DEBUG] (oshi.util.FileUtil) Reading file /sys/devices/system/cpu/cpu15/cache/index2/type
[16:01:20] [main/DEBUG] (oshi.util.FileUtil) Reading file /sys/devices/system/cpu/cpu15/cache/index2/ways_of_associativity
[16:01:20] [main/DEBUG] (oshi.util.FileUtil) Reading file /sys/devices/system/cpu/cpu15/cache/index2/ways_of_associativity
[16:01:20] [main/DEBUG] (oshi.util.FileUtil) Reading file /sys/devices/system/cpu/cpu15/cache/index2/coherency_line_size
[16:01:20] [main/DEBUG] (oshi.util.FileUtil) Reading file /sys/devices/system/cpu/cpu15/cache/index2/coherency_line_size
[16:01:20] [main/DEBUG] (oshi.util.FileUtil) Reading file /sys/devices/system/cpu/cpu15/cache/index2/size
[16:01:20] [main/DEBUG] (oshi.util.FileUtil) Reading file /sys/devices/system/cpu/cpu15/cache/index2/size
[16:01:20] [main/DEBUG] (oshi.util.FileUtil) Reading file /sys/devices/system/cpu/cpu15/cache/index0/level
[16:01:20] [main/DEBUG] (oshi.util.FileUtil) Reading file /sys/devices/system/cpu/cpu15/cache/index0/level
[16:01:20] [main/DEBUG] (oshi.util.FileUtil) Reading file /sys/devices/system/cpu/cpu15/cache/index0/type
[16:01:20] [main/DEBUG] (oshi.util.FileUtil) Reading file /sys/devices/system/cpu/cpu15/cache/index0/type
[16:01:20] [main/DEBUG] (oshi.util.FileUtil) Reading file /sys/devices/system/cpu/cpu15/cache/index0/ways_of_associativity
[16:01:20] [main/DEBUG] (oshi.util.FileUtil) Reading file /sys/devices/system/cpu/cpu15/cache/index0/ways_of_associativity
[16:01:20] [main/DEBUG] (oshi.util.FileUtil) Reading file /sys/devices/system/cpu/cpu15/cache/index0/coherency_line_size
[16:01:20] [main/DEBUG] (oshi.util.FileUtil) Reading file /sys/devices/system/cpu/cpu15/cache/index0/coherency_line_size
[16:01:20] [main/DEBUG] (oshi.util.FileUtil) Reading file /sys/devices/system/cpu/cpu15/cache/index0/size
[16:01:20] [main/DEBUG] (oshi.util.FileUtil) Reading file /sys/devices/system/cpu/cpu15/cache/index0/size
[16:01:20] [main/DEBUG] (oshi.util.FileUtil) Reading file /sys/devices/system/cpu/cpu15/cache/index3/level
[16:01:20] [main/DEBUG] (oshi.util.FileUtil) Reading file /sys/devices/system/cpu/cpu15/cache/index3/level
[16:01:20] [main/DEBUG] (oshi.util.FileUtil) Reading file /sys/devices/system/cpu/cpu15/cache/index3/type
[16:01:20] [main/DEBUG] (oshi.util.FileUtil) Reading file /sys/devices/system/cpu/cpu15/cache/index3/type
[16:01:20] [main/DEBUG] (oshi.util.FileUtil) Reading file /sys/devices/system/cpu/cpu15/cache/index3/ways_of_associativity
[16:01:20] [main/DEBUG] (oshi.util.FileUtil) Reading file /sys/devices/system/cpu/cpu15/cache/index3/ways_of_associativity
[16:01:20] [main/DEBUG] (oshi.util.FileUtil) Reading file /sys/devices/system/cpu/cpu15/cache/index3/coherency_line_size
[16:01:20] [main/DEBUG] (oshi.util.FileUtil) Reading file /sys/devices/system/cpu/cpu15/cache/index3/coherency_line_size
[16:01:20] [main/DEBUG] (oshi.util.FileUtil) Reading file /sys/devices/system/cpu/cpu15/cache/index3/size
[16:01:20] [main/DEBUG] (oshi.util.FileUtil) Reading file /sys/devices/system/cpu/cpu15/cache/index3/size
[16:01:20] [main/DEBUG] (oshi.util.FileUtil) Reading file /sys/devices/system/cpu/cpu15/cache/index1/level
[16:01:20] [main/DEBUG] (oshi.util.FileUtil) Reading file /sys/devices/system/cpu/cpu15/cache/index1/level
[16:01:20] [main/DEBUG] (oshi.util.FileUtil) Reading file /sys/devices/system/cpu/cpu15/cache/index1/type
[16:01:20] [main/DEBUG] (oshi.util.FileUtil) Reading file /sys/devices/system/cpu/cpu15/cache/index1/type
[16:01:20] [main/DEBUG] (oshi.util.FileUtil) Reading file /sys/devices/system/cpu/cpu15/cache/index1/ways_of_associativity
[16:01:20] [main/DEBUG] (oshi.util.FileUtil) Reading file /sys/devices/system/cpu/cpu15/cache/index1/ways_of_associativity
[16:01:20] [main/DEBUG] (oshi.util.FileUtil) Reading file /sys/devices/system/cpu/cpu15/cache/index1/coherency_line_size
[16:01:20] [main/DEBUG] (oshi.util.FileUtil) Reading file /sys/devices/system/cpu/cpu15/cache/index1/coherency_line_size
[16:01:20] [main/DEBUG] (oshi.util.FileUtil) Reading file /sys/devices/system/cpu/cpu15/cache/index1/size
[16:01:20] [main/DEBUG] (oshi.util.FileUtil) Reading file /sys/devices/system/cpu/cpu15/cache/index1/size
[16:01:20] [main/DEBUG] (oshi.util.FileUtil) Reading file /sys/devices/system/cpu/cpu2/uevent
[16:01:20] [main/DEBUG] (oshi.util.FileUtil) Reading file /sys/devices/system/cpu/cpu2/uevent
[16:01:20] [main/DEBUG] (oshi.util.FileUtil) Reading file /sys/devices/system/cpu/cpu2/topology/core_id
[16:01:20] [main/DEBUG] (oshi.util.FileUtil) Reading file /sys/devices/system/cpu/cpu2/topology/core_id
[16:01:20] [main/DEBUG] (oshi.util.FileUtil) Reading file /sys/devices/system/cpu/cpu2/topology/physical_package_id
[16:01:20] [main/DEBUG] (oshi.util.FileUtil) Reading file /sys/devices/system/cpu/cpu2/topology/physical_package_id
[16:01:20] [main/DEBUG] (oshi.util.FileUtil) Reading file /sys/devices/system/cpu/cpu2/cpu_capacity
[16:01:20] [main/DEBUG] (oshi.util.FileUtil) Reading file /sys/devices/system/cpu/cpu2/cpu_capacity
[16:01:20] [main/DEBUG] (oshi.util.FileUtil) Reading file /sys/devices/system/cpu/cpu2/cache/index2/level
[16:01:20] [main/DEBUG] (oshi.util.FileUtil) Reading file /sys/devices/system/cpu/cpu2/cache/index2/level
[16:01:20] [main/DEBUG] (oshi.util.FileUtil) Reading file /sys/devices/system/cpu/cpu2/cache/index2/type
[16:01:20] [main/DEBUG] (oshi.util.FileUtil) Reading file /sys/devices/system/cpu/cpu2/cache/index2/type
[16:01:20] [main/DEBUG] (oshi.util.FileUtil) Reading file /sys/devices/system/cpu/cpu2/cache/index2/ways_of_associativity
[16:01:20] [main/DEBUG] (oshi.util.FileUtil) Reading file /sys/devices/system/cpu/cpu2/cache/index2/ways_of_associativity
[16:01:20] [main/DEBUG] (oshi.util.FileUtil) Reading file /sys/devices/system/cpu/cpu2/cache/index2/coherency_line_size
[16:01:20] [main/DEBUG] (oshi.util.FileUtil) Reading file /sys/devices/system/cpu/cpu2/cache/index2/coherency_line_size
[16:01:20] [main/DEBUG] (oshi.util.FileUtil) Reading file /sys/devices/system/cpu/cpu2/cache/index2/size
[16:01:20] [main/DEBUG] (oshi.util.FileUtil) Reading file /sys/devices/system/cpu/cpu2/cache/index2/size
[16:01:20] [main/DEBUG] (oshi.util.FileUtil) Reading file /sys/devices/system/cpu/cpu2/cache/index0/level
[16:01:20] [main/DEBUG] (oshi.util.FileUtil) Reading file /sys/devices/system/cpu/cpu2/cache/index0/level
[16:01:20] [main/DEBUG] (oshi.util.FileUtil) Reading file /sys/devices/system/cpu/cpu2/cache/index0/type
[16:01:20] [main/DEBUG] (oshi.util.FileUtil) Reading file /sys/devices/system/cpu/cpu2/cache/index0/type
[16:01:20] [main/DEBUG] (oshi.util.FileUtil) Reading file /sys/devices/system/cpu/cpu2/cache/index0/ways_of_associativity
[16:01:20] [main/DEBUG] (oshi.util.FileUtil) Reading file /sys/devices/system/cpu/cpu2/cache/index0/ways_of_associativity
[16:01:20] [main/DEBUG] (oshi.util.FileUtil) Reading file /sys/devices/system/cpu/cpu2/cache/index0/coherency_line_size
[16:01:20] [main/DEBUG] (oshi.util.FileUtil) Reading file /sys/devices/system/cpu/cpu2/cache/index0/coherency_line_size
[16:01:20] [main/DEBUG] (oshi.util.FileUtil) Reading file /sys/devices/system/cpu/cpu2/cache/index0/size
[16:01:20] [main/DEBUG] (oshi.util.FileUtil) Reading file /sys/devices/system/cpu/cpu2/cache/index0/size
[16:01:20] [main/DEBUG] (oshi.util.FileUtil) Reading file /sys/devices/system/cpu/cpu2/cache/index3/level
[16:01:20] [main/DEBUG] (oshi.util.FileUtil) Reading file /sys/devices/system/cpu/cpu2/cache/index3/level
[16:01:20] [main/DEBUG] (oshi.util.FileUtil) Reading file /sys/devices/system/cpu/cpu2/cache/index3/type
[16:01:20] [main/DEBUG] (oshi.util.FileUtil) Reading file /sys/devices/system/cpu/cpu2/cache/index3/type
[16:01:20] [main/DEBUG] (oshi.util.FileUtil) Reading file /sys/devices/system/cpu/cpu2/cache/index3/ways_of_associativity
[16:01:20] [main/DEBUG] (oshi.util.FileUtil) Reading file /sys/devices/system/cpu/cpu2/cache/index3/ways_of_associativity
[16:01:20] [main/DEBUG] (oshi.util.FileUtil) Reading file /sys/devices/system/cpu/cpu2/cache/index3/coherency_line_size
[16:01:20] [main/DEBUG] (oshi.util.FileUtil) Reading file /sys/devices/system/cpu/cpu2/cache/index3/coherency_line_size
[16:01:20] [main/DEBUG] (oshi.util.FileUtil) Reading file /sys/devices/system/cpu/cpu2/cache/index3/size
[16:01:20] [main/DEBUG] (oshi.util.FileUtil) Reading file /sys/devices/system/cpu/cpu2/cache/index3/size
[16:01:20] [main/DEBUG] (oshi.util.FileUtil) Reading file /sys/devices/system/cpu/cpu2/cache/index1/level
[16:01:20] [main/DEBUG] (oshi.util.FileUtil) Reading file /sys/devices/system/cpu/cpu2/cache/index1/level
[16:01:20] [main/DEBUG] (oshi.util.FileUtil) Reading file /sys/devices/system/cpu/cpu2/cache/index1/type
[16:01:20] [main/DEBUG] (oshi.util.FileUtil) Reading file /sys/devices/system/cpu/cpu2/cache/index1/type
[16:01:20] [main/DEBUG] (oshi.util.FileUtil) Reading file /sys/devices/system/cpu/cpu2/cache/index1/ways_of_associativity
[16:01:20] [main/DEBUG] (oshi.util.FileUtil) Reading file /sys/devices/system/cpu/cpu2/cache/index1/ways_of_associativity
[16:01:20] [main/DEBUG] (oshi.util.FileUtil) Reading file /sys/devices/system/cpu/cpu2/cache/index1/coherency_line_size
[16:01:20] [main/DEBUG] (oshi.util.FileUtil) Reading file /sys/devices/system/cpu/cpu2/cache/index1/coherency_line_size
[16:01:20] [main/DEBUG] (oshi.util.FileUtil) Reading file /sys/devices/system/cpu/cpu2/cache/index1/size
[16:01:20] [main/DEBUG] (oshi.util.FileUtil) Reading file /sys/devices/system/cpu/cpu2/cache/index1/size
[16:01:20] [main/DEBUG] (oshi.util.FileUtil) Reading file /sys/devices/system/cpu/cpu13/uevent
[16:01:20] [main/DEBUG] (oshi.util.FileUtil) Reading file /sys/devices/system/cpu/cpu13/uevent
[16:01:20] [main/DEBUG] (oshi.util.FileUtil) Reading file /sys/devices/system/cpu/cpu13/topology/core_id
[16:01:20] [main/DEBUG] (oshi.util.FileUtil) Reading file /sys/devices/system/cpu/cpu13/topology/core_id
[16:01:20] [main/DEBUG] (oshi.util.FileUtil) Reading file /sys/devices/system/cpu/cpu13/topology/physical_package_id
[16:01:20] [main/DEBUG] (oshi.util.FileUtil) Reading file /sys/devices/system/cpu/cpu13/topology/physical_package_id
[16:01:20] [main/DEBUG] (oshi.util.FileUtil) Reading file /sys/devices/system/cpu/cpu13/cpu_capacity
[16:01:20] [main/DEBUG] (oshi.util.FileUtil) Reading file /sys/devices/system/cpu/cpu13/cpu_capacity
[16:01:20] [main/DEBUG] (oshi.util.FileUtil) Reading file /sys/devices/system/cpu/cpu13/cache/index2/level
[16:01:20] [main/DEBUG] (oshi.util.FileUtil) Reading file /sys/devices/system/cpu/cpu13/cache/index2/level
[16:01:20] [main/DEBUG] (oshi.util.FileUtil) Reading file /sys/devices/system/cpu/cpu13/cache/index2/type
[16:01:20] [main/DEBUG] (oshi.util.FileUtil) Reading file /sys/devices/system/cpu/cpu13/cache/index2/type
[16:01:20] [main/DEBUG] (oshi.util.FileUtil) Reading file /sys/devices/system/cpu/cpu13/cache/index2/ways_of_associativity
[16:01:20] [main/DEBUG] (oshi.util.FileUtil) Reading file /sys/devices/system/cpu/cpu13/cache/index2/ways_of_associativity
[16:01:20] [main/DEBUG] (oshi.util.FileUtil) Reading file /sys/devices/system/cpu/cpu13/cache/index2/coherency_line_size
[16:01:20] [main/DEBUG] (oshi.util.FileUtil) Reading file /sys/devices/system/cpu/cpu13/cache/index2/coherency_line_size
[16:01:20] [main/DEBUG] (oshi.util.FileUtil) Reading file /sys/devices/system/cpu/cpu13/cache/index2/size
[16:01:20] [main/DEBUG] (oshi.util.FileUtil) Reading file /sys/devices/system/cpu/cpu13/cache/index2/size
[16:01:20] [main/DEBUG] (oshi.util.FileUtil) Reading file /sys/devices/system/cpu/cpu13/cache/index0/level
[16:01:20] [main/DEBUG] (oshi.util.FileUtil) Reading file /sys/devices/system/cpu/cpu13/cache/index0/level
[16:01:20] [main/DEBUG] (oshi.util.FileUtil) Reading file /sys/devices/system/cpu/cpu13/cache/index0/type
[16:01:20] [main/DEBUG] (oshi.util.FileUtil) Reading file /sys/devices/system/cpu/cpu13/cache/index0/type
[16:01:20] [main/DEBUG] (oshi.util.FileUtil) Reading file /sys/devices/system/cpu/cpu13/cache/index0/ways_of_associativity
[16:01:20] [main/DEBUG] (oshi.util.FileUtil) Reading file /sys/devices/system/cpu/cpu13/cache/index0/ways_of_associativity
[16:01:20] [main/DEBUG] (oshi.util.FileUtil) Reading file /sys/devices/system/cpu/cpu13/cache/index0/coherency_line_size
[16:01:20] [main/DEBUG] (oshi.util.FileUtil) Reading file /sys/devices/system/cpu/cpu13/cache/index0/coherency_line_size
[16:01:20] [main/DEBUG] (oshi.util.FileUtil) Reading file /sys/devices/system/cpu/cpu13/cache/index0/size
[16:01:20] [main/DEBUG] (oshi.util.FileUtil) Reading file /sys/devices/system/cpu/cpu13/cache/index0/size
[16:01:20] [main/DEBUG] (oshi.util.FileUtil) Reading file /sys/devices/system/cpu/cpu13/cache/index3/level
[16:01:20] [main/DEBUG] (oshi.util.FileUtil) Reading file /sys/devices/system/cpu/cpu13/cache/index3/level
[16:01:20] [main/DEBUG] (oshi.util.FileUtil) Reading file /sys/devices/system/cpu/cpu13/cache/index3/type
[16:01:20] [main/DEBUG] (oshi.util.FileUtil) Reading file /sys/devices/system/cpu/cpu13/cache/index3/type
[16:01:20] [main/DEBUG] (oshi.util.FileUtil) Reading file /sys/devices/system/cpu/cpu13/cache/index3/ways_of_associativity
[16:01:20] [main/DEBUG] (oshi.util.FileUtil) Reading file /sys/devices/system/cpu/cpu13/cache/index3/ways_of_associativity
[16:01:20] [main/DEBUG] (oshi.util.FileUtil) Reading file /sys/devices/system/cpu/cpu13/cache/index3/coherency_line_size
[16:01:20] [main/DEBUG] (oshi.util.FileUtil) Reading file /sys/devices/system/cpu/cpu13/cache/index3/coherency_line_size
[16:01:20] [main/DEBUG] (oshi.util.FileUtil) Reading file /sys/devices/system/cpu/cpu13/cache/index3/size
[16:01:20] [main/DEBUG] (oshi.util.FileUtil) Reading file /sys/devices/system/cpu/cpu13/cache/index3/size
[16:01:20] [main/DEBUG] (oshi.util.FileUtil) Reading file /sys/devices/system/cpu/cpu13/cache/index1/level
[16:01:20] [main/DEBUG] (oshi.util.FileUtil) Reading file /sys/devices/system/cpu/cpu13/cache/index1/level
[16:01:20] [main/DEBUG] (oshi.util.FileUtil) Reading file /sys/devices/system/cpu/cpu13/cache/index1/type
[16:01:20] [main/DEBUG] (oshi.util.FileUtil) Reading file /sys/devices/system/cpu/cpu13/cache/index1/type
[16:01:20] [main/DEBUG] (oshi.util.FileUtil) Reading file /sys/devices/system/cpu/cpu13/cache/index1/ways_of_associativity
[16:01:20] [main/DEBUG] (oshi.util.FileUtil) Reading file /sys/devices/system/cpu/cpu13/cache/index1/ways_of_associativity
[16:01:20] [main/DEBUG] (oshi.util.FileUtil) Reading file /sys/devices/system/cpu/cpu13/cache/index1/coherency_line_size
[16:01:20] [main/DEBUG] (oshi.util.FileUtil) Reading file /sys/devices/system/cpu/cpu13/cache/index1/coherency_line_size
[16:01:20] [main/DEBUG] (oshi.util.FileUtil) Reading file /sys/devices/system/cpu/cpu13/cache/index1/size
[16:01:20] [main/DEBUG] (oshi.util.FileUtil) Reading file /sys/devices/system/cpu/cpu13/cache/index1/size
[16:01:20] [main/DEBUG] (oshi.util.FileUtil) Reading file /sys/devices/system/cpu/cpu0/uevent
[16:01:20] [main/DEBUG] (oshi.util.FileUtil) Reading file /sys/devices/system/cpu/cpu0/uevent
[16:01:20] [main/DEBUG] (oshi.util.FileUtil) Reading file /sys/devices/system/cpu/cpu0/topology/core_id
[16:01:20] [main/DEBUG] (oshi.util.FileUtil) Reading file /sys/devices/system/cpu/cpu0/topology/core_id
[16:01:20] [main/DEBUG] (oshi.util.FileUtil) Reading file /sys/devices/system/cpu/cpu0/topology/physical_package_id
[16:01:20] [main/DEBUG] (oshi.util.FileUtil) Reading file /sys/devices/system/cpu/cpu0/topology/physical_package_id
[16:01:20] [main/DEBUG] (oshi.util.FileUtil) Reading file /sys/devices/system/cpu/cpu0/cpu_capacity
[16:01:20] [main/DEBUG] (oshi.util.FileUtil) Reading file /sys/devices/system/cpu/cpu0/cpu_capacity
[16:01:20] [main/DEBUG] (oshi.util.FileUtil) Reading file /sys/devices/system/cpu/cpu0/cache/index2/level
[16:01:20] [main/DEBUG] (oshi.util.FileUtil) Reading file /sys/devices/system/cpu/cpu0/cache/index2/level
[16:01:20] [main/DEBUG] (oshi.util.FileUtil) Reading file /sys/devices/system/cpu/cpu0/cache/index2/type
[16:01:20] [main/DEBUG] (oshi.util.FileUtil) Reading file /sys/devices/system/cpu/cpu0/cache/index2/type
[16:01:20] [main/DEBUG] (oshi.util.FileUtil) Reading file /sys/devices/system/cpu/cpu0/cache/index2/ways_of_associativity
[16:01:20] [main/DEBUG] (oshi.util.FileUtil) Reading file /sys/devices/system/cpu/cpu0/cache/index2/ways_of_associativity
[16:01:20] [main/DEBUG] (oshi.util.FileUtil) Reading file /sys/devices/system/cpu/cpu0/cache/index2/coherency_line_size
[16:01:20] [main/DEBUG] (oshi.util.FileUtil) Reading file /sys/devices/system/cpu/cpu0/cache/index2/coherency_line_size
[16:01:20] [main/DEBUG] (oshi.util.FileUtil) Reading file /sys/devices/system/cpu/cpu0/cache/index2/size
[16:01:20] [main/DEBUG] (oshi.util.FileUtil) Reading file /sys/devices/system/cpu/cpu0/cache/index2/size
[16:01:20] [main/DEBUG] (oshi.util.FileUtil) Reading file /sys/devices/system/cpu/cpu0/cache/index0/level
[16:01:20] [main/DEBUG] (oshi.util.FileUtil) Reading file /sys/devices/system/cpu/cpu0/cache/index0/level
[16:01:20] [main/DEBUG] (oshi.util.FileUtil) Reading file /sys/devices/system/cpu/cpu0/cache/index0/type
[16:01:20] [main/DEBUG] (oshi.util.FileUtil) Reading file /sys/devices/system/cpu/cpu0/cache/index0/type
[16:01:20] [main/DEBUG] (oshi.util.FileUtil) Reading file /sys/devices/system/cpu/cpu0/cache/index0/ways_of_associativity
[16:01:20] [main/DEBUG] (oshi.util.FileUtil) Reading file /sys/devices/system/cpu/cpu0/cache/index0/ways_of_associativity
[16:01:20] [main/DEBUG] (oshi.util.FileUtil) Reading file /sys/devices/system/cpu/cpu0/cache/index0/coherency_line_size
[16:01:20] [main/DEBUG] (oshi.util.FileUtil) Reading file /sys/devices/system/cpu/cpu0/cache/index0/coherency_line_size
[16:01:20] [main/DEBUG] (oshi.util.FileUtil) Reading file /sys/devices/system/cpu/cpu0/cache/index0/size
[16:01:20] [main/DEBUG] (oshi.util.FileUtil) Reading file /sys/devices/system/cpu/cpu0/cache/index0/size
[16:01:20] [main/DEBUG] (oshi.util.FileUtil) Reading file /sys/devices/system/cpu/cpu0/cache/index3/level
[16:01:20] [main/DEBUG] (oshi.util.FileUtil) Reading file /sys/devices/system/cpu/cpu0/cache/index3/level
[16:01:20] [main/DEBUG] (oshi.util.FileUtil) Reading file /sys/devices/system/cpu/cpu0/cache/index3/type
[16:01:20] [main/DEBUG] (oshi.util.FileUtil) Reading file /sys/devices/system/cpu/cpu0/cache/index3/type
[16:01:20] [main/DEBUG] (oshi.util.FileUtil) Reading file /sys/devices/system/cpu/cpu0/cache/index3/ways_of_associativity
[16:01:20] [main/DEBUG] (oshi.util.FileUtil) Reading file /sys/devices/system/cpu/cpu0/cache/index3/ways_of_associativity
[16:01:20] [main/DEBUG] (oshi.util.FileUtil) Reading file /sys/devices/system/cpu/cpu0/cache/index3/coherency_line_size
[16:01:20] [main/DEBUG] (oshi.util.FileUtil) Reading file /sys/devices/system/cpu/cpu0/cache/index3/coherency_line_size
[16:01:20] [main/DEBUG] (oshi.util.FileUtil) Reading file /sys/devices/system/cpu/cpu0/cache/index3/size
[16:01:20] [main/DEBUG] (oshi.util.FileUtil) Reading file /sys/devices/system/cpu/cpu0/cache/index3/size
[16:01:20] [main/DEBUG] (oshi.util.FileUtil) Reading file /sys/devices/system/cpu/cpu0/cache/index1/level
[16:01:20] [main/DEBUG] (oshi.util.FileUtil) Reading file /sys/devices/system/cpu/cpu0/cache/index1/level
[16:01:20] [main/DEBUG] (oshi.util.FileUtil) Reading file /sys/devices/system/cpu/cpu0/cache/index1/type
[16:01:20] [main/DEBUG] (oshi.util.FileUtil) Reading file /sys/devices/system/cpu/cpu0/cache/index1/type
[16:01:20] [main/DEBUG] (oshi.util.FileUtil) Reading file /sys/devices/system/cpu/cpu0/cache/index1/ways_of_associativity
[16:01:20] [main/DEBUG] (oshi.util.FileUtil) Reading file /sys/devices/system/cpu/cpu0/cache/index1/ways_of_associativity
[16:01:20] [main/DEBUG] (oshi.util.FileUtil) Reading file /sys/devices/system/cpu/cpu0/cache/index1/coherency_line_size
[16:01:20] [main/DEBUG] (oshi.util.FileUtil) Reading file /sys/devices/system/cpu/cpu0/cache/index1/coherency_line_size
[16:01:20] [main/DEBUG] (oshi.util.FileUtil) Reading file /sys/devices/system/cpu/cpu0/cache/index1/size
[16:01:20] [main/DEBUG] (oshi.util.FileUtil) Reading file /sys/devices/system/cpu/cpu0/cache/index1/size
[16:01:20] [main/DEBUG] (oshi.util.FileUtil) Reading file /proc/cpuinfo
[16:01:20] [main/DEBUG] (oshi.util.FileUtil) Reading file /proc/cpuinfo
[16:01:20] [main/DEBUG] (oshi.util.FileUtil) Reading file /proc/self/auxv
[16:01:20] [main/DEBUG] (FabricLoader/Mixin) Mixing BootstrapMixin from fabric-registry-sync-v0.mixins.json into net.minecraft.server.Bootstrap
[16:01:20] [main/DEBUG] (FabricLoader/Mixin) Renaming synthetic method lambda$afterInitialize$1(Lnet/minecraft/world/level/material/Fluid;)Ljava/util/Collection; to md643936$fabric-registry-sync-v0$lambda$afterInitialize$1$0 in fabric-registry-sync-v0.mixins.json:BootstrapMixin from mod fabric-registry-sync-v0
[16:01:20] [main/DEBUG] (FabricLoader/Mixin) Renaming synthetic method lambda$afterInitialize$0(Lnet/minecraft/world/level/block/Block;)Ljava/util/Collection; to md643936$fabric-registry-sync-v0$lambda$afterInitialize$0$1 in fabric-registry-sync-v0.mixins.json:BootstrapMixin from mod fabric-registry-sync-v0
[16:01:20] [main/DEBUG] (FabricLoader/Mixin) fabric-registry-sync-v0.mixins.json:BootstrapMixin from mod fabric-registry-sync-v0->@Inject::afterInitialize(Lorg/spongepowered/asm/mixin/injection/callback/CallbackInfo;)V doesn't use it's CallbackInfo
[16:01:20] [main/DEBUG] (FabricLoader/Mixin) Mixing RegistryMixin from fabric-registry-sync-v0.mixins.json into net.minecraft.core.Registry
